OD_%,DBO_SOL,DQO_SOL,pH_CAMPO,SST,COLI_TOT,COLI_FEC,N_NO3,N_NH3,ORTO_PO4,DUR_TOT,ICA_Dinius,ICA_Class_Riego,CLAVE SITIO,CLAVE DE MONITOREO,TIPO CUERPO DE AGUA,FECHA REALIZACIÓN,Año
113.3,2.0,10.0,8.4,15.0,11000.0,930.0,8.8851,0.1499,0.0235,1507.0,20.650229844828342,FC,OCRBR4974M2,OCRBR4974M2-060915,LÓTICO,2015-08-28,2015
97.2,2.0,10.0,7.6,13.0,930.0,430.0,2.998253,0.123326,0.009507,1349.38,22.868724044080132,FC,OCRBR4974M2,OCRBR4974M2-260616,LÓTICO,2016-06-23,2016
108.7,2.0,14.4,8.1,12.3,930.0,930.0,6.07035,0.15085,0.0361,1673.56,21.82251244306223,FC,OCRBR4974M2,OCRBR4974M2-210517,LÓTICO,2017-05-16,2017
62.9,2.0,17.0,7.7,11.33,2400.0,2400.0,4.91822,0.91,0.16027,1161.54,18.75231758362026,EC,OCRBR4974M2,OCRBR4974M2-240917,LÓTICO,2017-09-18,2017
56.2,2.0,15.37,7.7,12.0,11000.0,4600.0,6.7114,2.051996,0.25443,1497.123,16.155939278886468,EC,OCRBR4974M2,OCRBR4974M2-100618,LÓTICO,2018-06-08,2018
100.2,2.0,10.0,8.5,10.0,230.0,90.0,0.8252,0.207,0.0286,437.97,82.22224195117444,A,OCRBR4976M2,OCRBR4976M2-190415,LÓTICO,2015-04-15,2015
142.1,2.0,10.0,8.2,10.0,230.0,30.0,0.8829,0.0533,0.0216,425.0,78.01650027699739,A,OCRBR4976M2,OCRBR4976M2-240515,LÓTICO,2015-05-20,2015
105.3,2.0,10.0,7.5,10.0,2400.0,70.0,1.518175,0.06362,0.003976,364.0,85.62676756147337,A,OCRBR4976M2,OCRBR4976M2-280216,LÓTICO,2016-02-26,2016
103.2,2.0,10.0,7.7,10.0,2400.0,930.0,0.472998,0.161625,0.006188,451.14,77.0229032863161,A,OCRBR4976M2,OCRBR4976M2-260616,LÓTICO,2016-07-04,2016
89.6,2.46,10.0,7.3,10.0,430.0,430.0,0.126872,0.144886,0.006174,298.66,83.32839536079577,A,OCRBR4976M2,OCRBR4976M2-310716,LÓTICO,2016-08-18,2016
102.7,2.0,10.0,7.9,10.0,930.0,430.0,0.97121,0.11576,0.07755,426.17,77.78855911862951,A,OCRBR4976M2,OCRBR4976M2-210517,LÓTICO,2017-05-16,2017
80.8,2.0,10.0,7.6,10.0,24000.0,4600.0,0.06424,0.15776,0.04426,389.05,66.7923732254969,LC,OCRBR4976M2,OCRBR4976M2-020717,LÓTICO,2017-06-28,2017
77.9,2.0,10.0,7.7,10.0,2400.0,430.0,0.031,0.088666,0.04331,368.26,76.796184679646,A,OCRBR4976M2,OCRBR4976M2-130817,LÓTICO,2017-08-08,2017
100.4,2.0,14.4,8.0,38.33,2400.0,2400.0,0.031,0.0782,0.0126,393.54,76.66025489041077,A,OCRBR4976M2,OCRBR4976M2-240917,LÓTICO,2017-09-21,2017
122.9,2.0,10.0,7.7,10.0,230.0,230.0,2.67909,0.051153,0.0113,458.259,78.29708664074391,A,OCRBR4976M2,OCRBR4976M2-180218,LÓTICO,2018-02-12,2018
122.2,2.0,10.0,7.7,10.0,2400.0,430.0,1.079365,0.142398,0.0029,456.82,76.89484685244885,A,OCRBR4976M2,OCRBR4976M2-250318,LÓTICO,2018-03-23,2018
98.7,2.0,18.39,7.9,10.0,2400.0,230.0,0.22437,0.048448,0.07542,188.746,83.6049349233332,A,OCRBR4976M2,OCRBR4976M2-141018,LÓTICO,2018-10-09,2018
79.5,2.0,10.0,7.7,10.0,430.0,40.0,1.039895,0.151288,0.03009,341.317,84.29864007661129,A,OCRBR4976M2,OCRBR4976M2-181118,LÓTICO,2018-11-13,2018
99.2,2.0,10.0,7.0,10.0,430.0,230.0,2.090327,0.077443,0.00155,405.797,81.7224278844284,A,OCRBR4976M2,OCRBR4976M2-200119,LÓTICO,2019-01-15,2019
95.9,2.0,10.0,7.8,11.75,930.0,5794.0,0.432392,0.119377,0.02255,425.528,74.6873983084061,A,OCRBR4976M2,OCRBR4976M2-041020,LÓTICO,2020-09-30,2020
68.8,2.0,10.0,6.88,11.0,2400.0,1100.0,2.1923,0.0664,0.0015,372.0,73.98308604721431,A,OCRBR4977M1,OCRBR4977M1-211012,LÓTICO,2012-11-04,2012
58.3,2.0,10.0,7.2,10.0,1100.0,1100.0,2.7271,0.13,0.0015,376.0,72.40168981462077,A,OCRBR4977M1,OCRBR4977M1-181112,LÓTICO,2012-12-15,2012
59.7,2.0,10.0,7.1,10.0,2400.0,2400.0,1.8318,0.1955,0.032,374.0,70.68625926438644,A,OCRBR4977M1,OCRBR4977M1-091212,LÓTICO,2013-01-15,2013
83.4,2.0,10.0,7.84,10.0,93.0,43.0,1.9412,0.02,0.01,366.0,86.96414122431688,A,OCRBR4977M1,OCRBR4977M1-030313,LÓTICO,2013-03-01,2013
61.3,2.0,10.0,6.94,10.0,460.0,75.0,1.7622,0.0425,0.01,366.0,79.20575452395082,A,OCRBR4977M1,OCRBR4977M1-140413,LÓTICO,2013-04-09,2013
105.1,2.0,10.0,6.96,36.0,2400.0,240.0,0.0485,0.0053,0.005,308.0,81.82838147659983,A,OCRBR4977M1,OCRBR4977M1-090613,LÓTICO,2013-06-07,2013
91.1,2.0,10.0,7.0,10.0,230.0,90.0,2.357,0.055,0.043,464.0,80.76456776488075,A,OCRBR4977M1,OCRBR4977M1-300314,LÓTICO,2014-03-27,2014
103.4,2.0,10.0,8.1,10.0,930.0,230.0,2.357,0.055,0.014,372.0,80.8922417201704,A,OCRBR4977M1,OCRBR4977M1-220614,LÓTICO,2014-06-18,2014
102.8,2.0,10.0,7.5,11.0,930.0,90.0,2.542,0.089,0.007,374.0,85.23786957877202,A,OCRBR4977M1,OCRBR4977M1-170814,LÓTICO,2014-08-15,2014
98.6,2.0,10.0,8.3,10.0,4600.0,2400.0,1.989,0.04,0.012,305.0,77.81341886892979,A,OCRBR4977M1,OCRBR4977M1-261014,LÓTICO,2014-10-23,2014
115.3,2.0,10.0,7.6,13.0,430.0,90.0,2.4607,0.1261,0.038,355.0,84.59917293994629,A,OCRBR4977M1,OCRBR4977M1-220315,LÓTICO,2015-03-17,2015
109.1,2.0,10.0,7.5,71.0,4600.0,930.0,1.7854,0.1334,0.0232,306.99,77.32235741731222,A,OCRBR4977M1,OCRBR4977M1-260415,LÓTICO,2015-04-21,2015
99.5,2.0,10.0,7.3,10.0,930.0,230.0,1.8226,0.092,0.036,326.0,82.49713652324846,A,OCRBR4977M1,OCRBR4977M1-050715,LÓTICO,2015-07-02,2015
75.2,2.0,10.0,7.1,10.0,4600.0,1500.0,1.540596,0.037049,0.025685,347.0,74.59479357800022,A,OCRBR4977M1,OCRBR4977M1-210216,LÓTICO,2016-02-18,2016
86.1,2.0,10.0,7.9,10.0,4600.0,1500.0,1.448941,0.078162,0.04246,342.0,75.86218281041609,A,OCRBR4977M1,OCRBR4977M1-100416,LÓTICO,2016-04-06,2016
99.7,2.0,10.0,7.8,12.0,4600.0,1500.0,1.4346,0.0853,0.02649,353.06,77.96880073920356,A,OCRBR4977M1,OCRBR4977M1-190317,LÓTICO,2017-03-14,2017
77.4,2.0,10.0,7.4,10.0,430.0,150.0,1.11718,0.08166,0.02831,344.44,81.65720408989887,A,OCRBR4977M1,OCRBR4977M1-300417,LÓTICO,2017-04-28,2017
78.4,2.0,10.0,7.4,10.0,2400.0,150.0,1.13432,0.060217,0.03853,344.73,80.03426975979585,A,OCRBR4977M1,OCRBR4977M1-230717,LÓTICO,2017-07-17,2017
78.9,2.0,10.0,7.4,10.0,4600.0,230.0,1.20178,0.09479,0.02014,342.14,78.40709767944806,A,OCRBR4977M1,OCRBR4977M1-030917,LÓTICO,2017-08-28,2017
96.4,2.0,10.0,7.9,43.67,930.0,930.0,0.563,0.05593,0.01438,262.0,80.99149557982446,A,OCRBR4977M1,OCRBR4977M1-151017,LÓTICO,2017-10-09,2017
101.7,2.0,10.0,7.7,10.0,1500.0,1500.0,1.02786,0.037516,0.03928,296.37,80.12197192419944,A,OCRBR4977M1,OCRBR4977M1-280118,LÓTICO,2018-01-23,2018
78.0,2.0,10.0,8.0,13.33,24000.0,1500.0,1.093018,0.084817,0.06184,269.271,69.74979087099905,LC,OCRBR4977M1,OCRBR4977M1-141018,LÓTICO,2018-10-08,2018
82.1,2.0,10.0,7.4,22.0,11000.0,11000.0,0.924299,0.066648,0.03377,252.646,71.22665011766597,A,OCRBR4977M1,OCRBR4977M1-181118,LÓTICO,2018-11-12,2018
85.1,2.0,10.0,8.0,13.56,2400.0,1396.0,0.734169,0.060434,0.05366,220.246,78.9263462058936,A,OCRBR4977M1,OCRBR4977M1-230820,LÓTICO,2020-08-20,2020
75.6,2.0,10.0,7.35,10.0,460.0,460.0,3.1661,0.0356,0.0015,310.0,80.06789413919986,A,OCRBR4978M1,OCRBR4978M1-211012,LÓTICO,2012-11-21,2012
108.2,2.0,10.0,7.7,10.0,460.0,460.0,3.3896,0.1354,0.0114,314.0,82.52040207589438,A,OCRBR4978M1,OCRBR4978M1-181112,LÓTICO,2012-12-15,2012
108.8,2.0,10.0,7.67,10.0,240.0,93.0,2.943,0.1146,0.039,310.0,85.98483082697484,A,OCRBR4978M1,OCRBR4978M1-091212,LÓTICO,2013-01-15,2013
112.8,2.0,10.0,7.79,10.0,1100.0,93.0,3.3078,0.0035,0.0015,378.0,83.82968321504636,A,OCRBR4978M1,OCRBR4978M1-030313,LÓTICO,2013-03-01,2013
84.3,2.0,10.0,7.34,10.0,2400.0,1100.0,0.0965,0.0544,0.011,266.0,80.12381869058599,A,OCRBR4978M1,OCRBR4978M1-140413,LÓTICO,2013-04-09,2013
138.3,2.0,10.0,6.87,10.0,2400.0,75.0,2.2799,0.0671,0.007,280.0,79.95974136353713,A,OCRBR4978M1,OCRBR4978M1-090613,LÓTICO,2013-06-07,2013
108.2,2.0,10.0,7.7,10.0,750.0,90.0,3.196,0.083,0.009,410.0,83.62904271882684,A,OCRBR4978M1,OCRBR4978M1-220614,LÓTICO,2014-06-18,2014
98.6,2.0,10.0,7.0,10.0,430.0,70.0,2.3407,0.01,0.0037,256.0,89.26353851640575,A,OCRBR4978M1,OCRBR4978M1-150215,LÓTICO,2015-02-10,2015
115.4,2.0,10.0,7.8,10.0,430.0,230.0,2.3766,0.0998,0.0083,266.0,84.31054489702294,A,OCRBR4978M1,OCRBR4978M1-220315,LÓTICO,2015-03-17,2015
100.2,2.0,10.0,7.5,10.0,430.0,230.0,1.7671,0.0771,0.0034,256.0,86.27011078192794,A,OCRBR4978M1,OCRBR4978M1-050715,LÓTICO,2015-07-02,2015
112.6,2.0,10.0,8.1,10.0,11000.0,1500.0,2.152,0.0837,0.0072,252.0,77.62435093579711,A,OCRBR4978M1,OCRBR4978M1-090815,LÓTICO,2015-08-04,2015
116.5,2.0,10.0,7.4,10.0,2400.0,430.0,2.156356,0.034443,0.009334,302.0,81.91579240348786,A,OCRBR4978M1,OCRBR4978M1-210216,LÓTICO,2016-02-18,2016
96.9,2.0,10.0,7.5,10.0,4600.0,4600.0,1.417195,0.076169,0.016436,346.0,76.6547668806236,A,OCRBR4978M1,OCRBR4978M1-100416,LÓTICO,2016-04-06,2016
99.7,2.72,10.0,7.1,10.0,930.0,430.0,1.298651,0.130594,0.004164,283.13,83.75228334770301,A,OCRBR4978M1,OCRBR4978M1-240716,LÓTICO,2016-07-18,2016
112.3,2.0,10.0,7.9,10.0,2400.0,430.0,2.677934,0.038321,0.001627,290.59,81.7506547923367,A,OCRBR4978M1,OCRBR4978M1-280816,LÓTICO,2016-08-25,2016
107.7,2.0,10.0,7.6,10.0,930.0,40.0,1.77266,0.11183,0.02245,290.64,87.80778876181795,A,OCRBR4978M1,OCRBR4978M1-190317,LÓTICO,2017-03-14,2017
131.2,2.0,10.0,7.9,10.0,1500.0,430.0,1.51211,0.05142,0.01597,278.28,78.911599634964,A,OCRBR4978M1,OCRBR4978M1-300417,LÓTICO,2017-04-28,2017
112.0,2.0,10.0,7.6,10.0,2400.0,2400.0,1.427874,0.057073,0.00312,297.12,79.86697977842361,A,OCRBR4978M1,OCRBR4978M1-230717,LÓTICO,2017-07-17,2017
116.4,2.0,10.0,7.5,10.0,2400.0,230.0,1.81868,0.04838,0.00752,303.26,82.42192979210562,A,OCRBR4978M1,OCRBR4978M1-030917,LÓTICO,2017-08-28,2017
112.3,2.0,10.0,7.3,10.0,430.0,430.0,1.89403,0.05632,0.0248,250.27,84.4273327917662,A,OCRBR4978M1,OCRBR4978M1-151017,LÓTICO,2017-10-09,2017
101.7,2.0,10.0,7.2,10.0,1500.0,230.0,2.323278,0.031091,0.0514,272.972,82.60681054731506,A,OCRBR4978M1,OCRBR4978M1-280118,LÓTICO,2018-01-23,2018
112.4,2.0,10.0,7.3,10.0,430.0,90.0,1.779999,0.048319,0.0191,275.581,87.88495167963069,A,OCRBR4978M1,OCRBR4978M1-040318,LÓTICO,2018-03-12,2018
98.4,2.0,10.0,7.2,10.0,2400.0,430.0,1.802997,0.039622,0.01373,307.07,82.1841109506942,A,OCRBR4978M1,OCRBR4978M1-270518,LÓTICO,2018-05-22,2018
103.3,2.0,10.0,8.2,10.0,2400.0,2400.0,1.767174,0.054313,0.00157,284.456,79.68510735248206,A,OCRBR4978M1,OCRBR4978M1-200119,LÓTICO,2019-01-15,2019
74.4,2.0,10.0,6.99,12.0,1100.0,240.0,4.0601,0.0412,0.0015,388.0,76.95830349740136,A,OCRBR4979M1,OCRBR4979M1-211012,LÓTICO,2012-11-04,2012
67.6,2.0,10.0,7.33,10.0,460.0,240.0,4.1288,0.1558,0.0015,392.0,76.85607672627505,A,OCRBR4979M1,OCRBR4979M1-181112,LÓTICO,2012-12-15,2012
75.5,2.0,10.0,7.28,10.0,1100.0,93.0,3.4496,0.269,0.018,384.0,79.91687204624048,A,OCRBR4979M1,OCRBR4979M1-091212,LÓTICO,2013-01-15,2013
93.4,2.0,10.0,7.32,10.0,150.0,23.0,3.2265,0.0035,0.0015,310.0,90.15573548543209,E,OCRBR4979M1,OCRBR4979M1-030313,LÓTICO,2013-03-01,2013
98.7,2.0,10.0,7.11,19.0,2400.0,75.0,2.4597,0.0456,0.004,380.0,84.57978797601177,A,OCRBR4979M1,OCRBR4979M1-090613,LÓTICO,2013-06-07,2013
98.0,2.0,10.0,7.05,20.0,230.0,230.0,1.717,0.058,0.017,254.0,85.51762817237783,A,OCRBR4979M1,OCRBR4979M1-131013,LÓTICO,2013-10-10,2013
101.1,2.0,12.06,7.1,10.0,90.0,30.0,2.711,0.015,0.025,598.0,63.1965421397414,LC,OCRBR4979M1,OCRBR4979M1-300314,LÓTICO,2014-03-27,2014
127.6,2.0,10.0,8.0,10.0,1500.0,230.0,3.049,0.09,0.004,378.0,77.92911970581088,A,OCRBR4979M1,OCRBR4979M1-220614,LÓTICO,2014-06-18,2014
100.6,2.0,10.0,7.1,10.0,230.0,30.0,2.732,0.124,0.009,374.0,87.51110892838155,A,OCRBR4979M1,OCRBR4979M1-170814,LÓTICO,2014-08-15,2014
118.6,2.0,10.0,8.1,11.0,24000.0,2400.0,1.895,0.026,0.013,295.0,71.63707111826737,A,OCRBR4979M1,OCRBR4979M1-261014,LÓTICO,2014-10-23,2014
99.1,2.0,10.0,7.1,10.0,230.0,40.0,2.3509,0.01,0.0262,362.0,87.12455561875225,A,OCRBR4979M1,OCRBR4979M1-150215,LÓTICO,2015-02-10,2015
128.5,2.0,10.0,7.4,10.0,2400.0,2400.0,2.4149,0.1333,0.039,347.0,75.1620305939025,A,OCRBR4979M1,OCRBR4979M1-220315,LÓTICO,2015-03-17,2015
101.8,2.0,10.0,7.6,31.0,4600.0,230.0,1.7372,0.1072,0.0547,313.13,79.98988645292485,A,OCRBR4979M1,OCRBR4979M1-260415,LÓTICO,2015-04-21,2015
113.3,2.0,10.0,8.0,10.0,2400.0,150.0,1.8239,0.0856,0.0572,328.0,81.27471179182717,A,OCRBR4979M1,OCRBR4979M1-310515,LÓTICO,2015-05-27,2015
103.1,2.0,10.0,7.4,10.0,230.0,230.0,1.9395,0.0631,0.0177,324.0,84.34429112571969,A,OCRBR4979M1,OCRBR4979M1-050715,LÓTICO,2015-07-02,2015
95.2,2.0,10.0,8.0,10.0,24000.0,2400.0,2.4988,0.0856,0.0147,341.0,71.14256428736596,A,OCRBR4979M1,OCRBR4979M1-090815,LÓTICO,2015-08-04,2015
75.3,2.0,10.0,7.3,10.0,24000.0,430.0,1.517214,0.047085,0.035381,344.0,70.68648854059654,A,OCRBR4979M1,OCRBR4979M1-210216,LÓTICO,2016-02-18,2016
96.9,2.0,10.0,8.0,10.0,930.0,230.0,1.840243,0.087828,0.005598,300.0,82.94675139866013,A,OCRBR4979M1,OCRBR4979M1-100416,LÓTICO,2016-04-06,2016
99.6,2.0,10.0,7.7,11.5,24000.0,4600.0,1.311797,0.122715,0.001661,349.11,71.09631668604744,A,OCRBR4979M1,OCRBR4979M1-280816,LÓTICO,2016-08-25,2016
94.1,2.0,10.0,8.3,10.0,930.0,930.0,1.82331,0.11048,0.02044,364.76,78.296430517676,A,OCRBR4979M1,OCRBR4979M1-190317,LÓTICO,2017-03-14,2017
79.0,2.0,10.0,7.4,19.3,11000.0,4600.0,1.41617,0.03721,0.01472,354.17,72.1918703922227,A,OCRBR4979M1,OCRBR4979M1-300417,LÓTICO,2017-04-28,2017
98.8,2.0,10.0,8.1,10.0,11000.0,750.0,1.28,0.0271,0.0484,375.52,75.26311191799508,A,OCRBR4979M1,OCRBR4979M1-110617,LÓTICO,2017-06-05,2017
75.7,2.0,10.0,7.3,10.0,1500.0,230.0,1.84536,0.05976,0.01541,353.81,78.54839753850614,A,OCRBR4979M1,OCRBR4979M1-030917,LÓTICO,2017-08-28,2017
107.1,2.0,10.0,7.8,14.0,4600.0,430.0,1.55606,0.036605,0.06648,325.617,78.9720486988262,A,OCRBR4979M1,OCRBR4979M1-280118,LÓTICO,2018-01-23,2018
100.3,2.0,10.0,8.1,16.33,930.0,430.0,0.243747,0.134657,0.05863,368.764,79.5211703963464,A,OCRBR4979M1,OCRBR4979M1-040318,LÓTICO,2018-03-12,2018
103.5,2.0,10.0,7.3,15.67,930.0,930.0,1.692591,0.050515,0.04366,375.659,79.02842241413097,A,OCRBR4979M1,OCRBR4979M1-080418,LÓTICO,2018-04-13,2018
100.5,2.0,10.0,7.9,10.0,430.0,430.0,1.789697,0.060362,0.02461,366.122,81.63797582079823,A,OCRBR4979M1,OCRBR4979M1-270518,LÓTICO,2018-05-22,2018
82.8,2.0,10.0,8.1,10.0,2400.0,230.0,1.34898,0.089195,0.0463,289.217,79.15065126298218,A,OCRBR4979M1,OCRBR4979M1-141018,LÓTICO,2018-10-08,2018
105.9,2.0,10.0,8.2,13.0,2400.0,2400.0,1.454822,0.047837,0.00157,316.283,78.88389767613359,A,OCRBR4979M1,OCRBR4979M1-200119,LÓTICO,2019-01-15,2019
93.3,2.0,10.0,8.0,11.32,2400.0,1198.0,0.920722,0.046535,0.03925,263.899,79.7516111252182,A,OCRBR4979M1,OCRBR4979M1-230820,LÓTICO,2020-08-20,2020
105.6,2.0,10.0,7.65,10.0,11000.0,11000.0,3.4923,0.047,0.0015,2020.0,20.000688350398818,FC,OCRBR4980M1,OCRBR4980M1-211012,LÓTICO,2012-11-15,2012
93.5,2.0,10.0,7.34,10.0,1100.0,460.0,0.7309,0.03,0.0015,2035.0,22.99853661780031,FC,OCRBR4980M1,OCRBR4980M1-030313,LÓTICO,2013-03-01,2013
99.5,2.0,17.0,7.27,46.0,1500.0,30.0,0.227,0.005,0.006,682.0,24.246472299327298,FC,OCRBR4980M1,OCRBR4980M1-201013,LÓTICO,2013-10-17,2013
114.7,2.0,14.0,8.1,25.0,2400.0,2400.0,0.7,0.144,0.009,813.0,21.739277898250997,FC,OCRBR4980M1,OCRBR4980M1-240814,LÓTICO,2014-08-20,2014
100.4,2.0,10.0,8.1,26.0,430.0,90.0,0.0517,0.098,0.0068,804.0,24.15140916301863,FC,OCRBR4980M1,OCRBR4980M1-290315,LÓTICO,2015-03-25,2015
108.5,2.0,10.0,8.3,27.0,230.0,40.0,0.1584,0.0878,0.0265,806.36,24.169917958391654,FC,OCRBR4980M1,OCRBR4980M1-030515,LÓTICO,2015-04-27,2015
94.4,2.0,11.0,7.7,42.0,2400.0,230.0,0.0475,0.1498,0.0071,780.0,22.58461952635143,FC,OCRBR4980M1,OCRBR4980M1-190715,LÓTICO,2015-07-15,2015
91.3,2.0,10.0,7.2,32.0,930.0,430.0,0.0493,0.0978,0.1369,653.0,21.83795874201882,FC,OCRBR4980M1,OCRBR4980M1-300815,LÓTICO,2015-08-27,2015
105.2,2.0,17.0,7.4,10.0,230.0,40.0,0.136586,0.056353,0.003395,901.0,24.981676402131182,FC,OCRBR4980M1,OCRBR4980M1-210216,LÓTICO,2016-02-25,2016
86.7,2.0,19.0,7.9,11.0,930.0,150.0,0.079948,0.14131,0.006777,972.0,23.101853832069775,FC,OCRBR4980M1,OCRBR4980M1-100416,LÓTICO,2016-04-06,2016
98.6,2.44,14.1,8.2,10.0,230.0,30.0,0.031,0.041007,0.008497,275.67,89.7173051015232,A,OCRBR4980M1,OCRBR4980M1-240716,LÓTICO,2016-08-03,2016
91.8,2.0,10.0,7.6,10.0,4600.0,280.0,0.031029,0.070625,0.007718,629.76,22.58818506939834,FC,OCRBR4980M1,OCRBR4980M1-280816,LÓTICO,2016-09-08,2016
96.9,2.0,10.0,7.9,32.0,230.0,230.0,0.11952,0.0862,0.01338,946.04,23.18887990468174,FC,OCRBR4980M1,OCRBR4980M1-190317,LÓTICO,2017-03-15,2017
83.7,2.0,10.0,7.8,42.7,750.0,110.0,0.77353,0.09712,0.15393,971.76,22.091153667297668,FC,OCRBR4980M1,OCRBR4980M1-300417,LÓTICO,2017-04-26,2017
85.3,2.0,10.0,7.9,14.0,4600.0,4600.0,0.19774,0.0872,0.01782,789.66,20.922434712075997,FC,OCRBR4980M1,OCRBR4980M1-110617,LÓTICO,2017-06-07,2017
86.8,2.0,10.0,8.0,72.0,4600.0,90.0,0.05266,0.09098,0.00833,305.01,81.11143609268585,A,OCRBR4980M1,OCRBR4980M1-151017,LÓTICO,2017-10-11,2017
93.2,2.0,10.0,7.8,10.0,930.0,40.0,0.055362,0.101965,0.03177,772.121,24.03591537156542,FC,OCRBR4980M1,OCRBR4980M1-280118,LÓTICO,2018-01-26,2018
87.5,2.0,10.0,7.9,22.33,430.0,90.0,0.972431,0.112195,0.05682,783.336,23.378868258134318,FC,OCRBR4980M1,OCRBR4980M1-040318,LÓTICO,2018-03-01,2018
87.7,2.0,10.14,7.9,10.0,930.0,930.0,0.031,0.043907,0.00976,1050.62,22.183179294152936,FC,OCRBR4980M1,OCRBR4980M1-200119,LÓTICO,2019-01-16,2019
104.07,2.0,10.0,7.35,17.0,43.0,3.0,0.443,0.0035,0.0015,1261.0,26.03501968899756,FC,OCRBR4981M1,OCRBR4981M1-161212,LÓTICO,2013-01-04,2013
108.2,2.0,10.0,7.8,18.0,17329.0,905.0,1.786,0.029,0.0015,749.0,20.917492905603254,FC,OCRBR4981M1,OCRBR4981M1-160214,LÓTICO,2014-02-14,2014
96.5,2.0,10.0,8.3,33.0,11199.0,5794.0,1.485,0.064,0.0015,365.0,72.29793803634591,A,OCRBR4981M1,OCRBR4981M1-300314,LÓTICO,2014-03-24,2014
98.3,2.0,10.0,7.3,25.0,24000.0,11000.0,0.443,0.088,0.0015,794.0,19.132503888616057,EC,OCRBR4981M1,OCRBR4981M1-100814,LÓTICO,2014-07-29,2014
81.2,2.0,10.0,7.9,10.0,3441.0,1198.0,1.324099,0.066086,0.11,622.0,20.794485582337888,FC,OCRBR4981M1,OCRBR4981M1-270915,LÓTICO,2015-10-30,2015
53.9,2.0,10.0,9.1,10.0,1553.0,1092.0,1.2413,0.0431,0.0015,612.0,19.178646325238486,EC,OCRBR4981M1,OCRBR4981M1-060316,LÓTICO,2016-03-03,2016
86.1,2.0,10.0,7.6,11.0,2014.0,1246.0,1.2633,0.1034,0.0015,658.0,22.046043740484233,FC,OCRBR4981M1,OCRBR4981M1-030416,LÓTICO,2016-04-08,2016
73.6,2.0,10.0,7.4,10.0,24196.0,4106.0,0.5469,0.0599,0.009,647.0,19.131382754982234,EC,OCRBR4981M1,OCRBR4981M1-030716,LÓTICO,2016-07-01,2016
69.0,2.0,10.0,8.3,11.0,24196.0,4611.0,0.236276,0.093813,0.031,699.0,18.331139875515795,EC,OCRBR4981M1,OCRBR4981M1-140816,LÓTICO,2016-08-11,2016
87.8,2.0,10.0,8.0,11.0,11000.0,4600.0,1.723,0.086,0.0015,434.0,71.08484921068833,A,OCRBR4981M1,OCRBR4981M1W1-081017,LÓTICO,2017-10-25,2017
69.7,2.0,10.0,7.7,10.0,11000.0,4600.0,1.488,0.162,0.0015,909.0,19.78194709596811,EC,OCRBR4981M1,OCRBR4981M1-040318,LÓTICO,2018-03-11,2018
90.6,2.0,10.0,8.1,31.0,12033.0,2400.0,1.018,0.065,0.0015,536.0,67.25353531896339,LC,OCRBR4981M1,OCRBR4981M1-181020,LÓTICO,2020-10-03,2020
85.7,2.0,10.0,7.45,61.0,4600.0,2400.0,0.6878,0.0316,0.212,220.0,73.44619270101563,A,OCRBR4982M1,OCRBR4982M1-211012,LÓTICO,2012-11-15,2012
98.3,2.0,10.0,7.65,10.0,2400.0,43.0,0.5837,0.0684,0.0136,200.0,90.10845194562849,E,OCRBR4982M1,OCRBR4982M1-181112,LÓTICO,2012-12-04,2012
98.2,2.0,20.0,7.2,10.0,230.0,30.0,0.579,0.051,0.042,216.0,91.05858842261982,E,OCRBR4982M1,OCRBR4982M1-300314,LÓTICO,2014-03-28,2014
97.6,2.0,10.0,7.1,10.0,430.0,90.0,0.689,0.09,0.0015,192.0,90.86816593054695,E,OCRBR4982M1,OCRBR4982M1-220614,LÓTICO,2014-06-19,2014
115.3,2.0,10.0,7.5,10.0,230.0,40.0,0.7084,0.0843,0.0057,217.0,91.58123760023865,E,OCRBR4982M1,OCRBR4982M1-220215,LÓTICO,2015-02-17,2015
104.2,2.0,10.0,7.5,10.0,11000.0,4600.0,0.5313,0.0476,0.0173,220.0,77.7058942565343,A,OCRBR4982M1,OCRBR4982M1-170515,LÓTICO,2015-05-05,2015
100.2,2.0,10.0,7.2,19.0,930.0,230.0,0.4817,0.1191,0.0248,208.0,85.79721342534219,A,OCRBR4982M1,OCRBR4982M1-280615,LÓTICO,2015-06-19,2015
105.3,2.0,10.0,7.7,12.0,1500.0,750.0,0.6822,0.0461,0.0116,189.0,84.4922065605449,A,OCRBR4982M1,OCRBR4982M1-130915,LÓTICO,2015-09-07,2015
100.3,2.0,17.0,7.0,10.0,230.0,150.0,0.548235,0.044209,0.008589,218.0,88.63667659055419,A,OCRBR4982M1,OCRBR4982M1-210216,LÓTICO,2016-02-23,2016
97.9,2.0,10.0,7.2,10.0,430.0,150.0,0.601042,0.091635,0.002584,218.0,88.7070125810017,A,OCRBR4982M1,OCRBR4982M1-100416,LÓTICO,2016-04-07,2016
100.3,2.0,10.0,7.7,62.0,930.0,150.0,0.501249,0.070342,0.001692,231.65,85.71971754541565,A,OCRBR4982M1,OCRBR4982M1-150516,LÓTICO,2016-05-12,2016
116.2,2.32,10.0,7.3,10.0,230.0,90.0,0.503237,0.121743,0.0015,200.8,90.61351780104415,E,OCRBR4982M1,OCRBR4982M1-240716,LÓTICO,2016-07-19,2016
102.1,2.0,10.0,7.8,25.67,930.0,70.0,0.63789,0.06406,0.00511,213.79,89.62417435715379,A,OCRBR4982M1,OCRBR4982M1-110617,LÓTICO,2017-06-09,2017
100.8,2.0,10.0,7.8,31.0,930.0,430.0,0.698021,0.085104,0.00639,215.22,84.87692425611644,A,OCRBR4982M1,OCRBR4982M1-230717,LÓTICO,2017-07-21,2017
101.4,2.0,10.0,7.8,11.0,430.0,40.0,0.48654,0.08677,0.02482,202.18,91.21550545343571,E,OCRBR4982M1,OCRBR4982M1-030917,LÓTICO,2017-09-01,2017
101.1,2.0,10.0,7.5,48.0,2400.0,430.0,0.46109,0.04337,0.00639,242.44,83.328798978917,A,OCRBR4982M1,OCRBR4982M1-151017,LÓTICO,2017-10-11,2017
99.8,2.0,10.0,7.3,10.0,70.0,30.0,0.90855,0.066238,0.01508,214.478,94.92849835557566,E,OCRBR4982M1,OCRBR4982M1-280118,LÓTICO,2018-01-25,2018
100.2,2.0,10.0,7.9,32.67,230.0,230.0,0.564942,0.053065,0.01834,808.161,23.225595561951813,FC,OCRBR4982M1,OCRBR4982M1-080418,LÓTICO,2018-04-05,2018
102.4,2.0,10.0,8.1,10.0,930.0,230.0,0.393814,0.06641,0.03243,244.082,83.82511026239692,A,OCRBR4982M1,OCRBR4982M1-270518,LÓTICO,2018-05-23,2018
96.5,2.0,10.0,8.4,12.0,930.0,90.0,0.543845,0.129158,0.01463,210.601,87.62068269629633,A,OCRBR4982M1,OCRBR4982M1-141018,LÓTICO,2018-10-09,2018
106.9,2.0,10.0,8.4,10.0,430.0,230.0,1.388871,0.043244,0.02697,208.362,84.75842779812243,A,OCRBR4982M1,OCRBR4982M1-181118,LÓTICO,2018-11-13,2018
98.3,2.0,10.0,8.3,10.0,230.0,90.0,0.57761,0.025313,0.01523,220.801,89.09451976120363,A,OCRBR4982M1,OCRBR4982M1-200119,LÓTICO,2019-01-16,2019
93.4,2.0,10.0,8.2,10.0,930.0,2613.0,0.590269,0.051384,0.01316,202.388,81.37555535416489,A,OCRBR4982M1,OCRBR4982M1-230820,LÓTICO,2020-08-20,2020
99.4,2.0,10.0,8.2,29.0,930.0,230.0,1.7069,0.0937,0.0081,698.0,22.834418314878675,FC,OCRBR4983M1,OCRBR4983M1-020815,LÓTICO,2015-07-31,2015
99.8,2.0,10.0,8.1,22.0,2400.0,430.0,1.6503,0.0773,0.0115,706.0,22.633207485533614,FC,OCRBR4983M1,OCRBR4983M1-130915,LÓTICO,2015-09-07,2015
94.4,2.0,22.0,8.1,28.0,90.0,580.0,2.108016,0.093365,0.002421,775.0,23.293812569710973,FC,OCRBR4983M1,OCRBR4983M1-210216,LÓTICO,2016-02-23,2016
91.3,2.0,10.0,8.1,16.0,90.0,90.0,1.572956,0.107198,0.002699,748.0,24.57534107049661,FC,OCRBR4983M1,OCRBR4983M1-100416,LÓTICO,2016-04-07,2016
100.2,2.0,10.0,8.0,10.0,2400.0,930.0,1.188789,0.091297,0.001756,780.29,22.430176938389852,FC,OCRBR4983M1,OCRBR4983M1-150516,LÓTICO,2016-05-12,2016
106.3,2.0,10.0,8.1,38.0,2400.0,930.0,1.586081,0.060863,0.002149,577.15,65.99488443864126,LC,OCRBR4983M1,OCRBR4983M1-280816,LÓTICO,2016-08-25,2016
102.4,2.0,10.0,7.6,10.0,430.0,90.0,2.43483,0.06193,0.00848,710.69,24.300212121617125,FC,OCRBR4983M1,OCRBR4983M1-110617,LÓTICO,2017-06-09,2017
104.8,2.0,10.0,7.6,10.0,150.0,40.0,2.572489,0.083863,0.00537,662.8,25.011215657986817,FC,OCRBR4983M1,OCRBR4983M1-230717,LÓTICO,2017-07-21,2017
108.4,2.0,10.0,7.6,10.0,150.0,30.0,1.72026,0.1285,0.01647,835.92,24.966915978031963,FC,OCRBR4983M1,OCRBR4983M1-030917,LÓTICO,2017-09-01,2017
100.0,2.0,10.0,7.9,17.67,430.0,90.0,1.32887,0.10579,0.01109,607.15,24.26315034123989,FC,OCRBR4983M1,OCRBR4983M1-151017,LÓTICO,2017-10-26,2017
110.6,2.0,10.0,7.4,10.0,930.0,30.0,2.055462,0.069966,0.00957,776.02,24.472234871887157,FC,OCRBR4983M1,OCRBR4983M1-280118,LÓTICO,2018-01-25,2018
110.2,2.0,10.0,7.6,11.0,430.0,70.0,1.849282,0.0472,0.01558,760.184,24.30612560362876,FC,OCRBR4983M1,OCRBR4983M1-040318,LÓTICO,2018-02-28,2018
99.2,2.0,10.0,7.1,10.0,430.0,230.0,2.116139,0.038719,0.00909,212.674,86.54202754026838,A,OCRBR4983M1,OCRBR4983M1-080418,LÓTICO,2018-04-05,2018
89.4,2.0,10.0,6.9,10.0,430.0,430.0,1.936851,0.135379,0.01854,838.538,22.67269054406146,FC,OCRBR4983M1,OCRBR4983M1-270518,LÓTICO,2018-05-23,2018
90.5,2.0,10.0,8.0,41.3,430.0,430.0,1.342543,0.083153,0.01136,568.225,69.24159999428912,LC,OCRBR4983M1,OCRBR4983M1-141018,LÓTICO,2018-10-09,2018
99.6,2.0,10.0,7.9,10.0,430.0,150.0,1.561938,0.040833,0.01025,797.99,23.77310950854103,FC,OCRBR4983M1,OCRBR4983M1-200119,LÓTICO,2019-01-16,2019
119.2,2.0,10.0,7.8,10.0,430.0,1334.0,1.381786,0.0591,0.00444,660.739,22.48045744942582,FC,OCRBR4983M1,OCRBR4983M1-230820,LÓTICO,2020-08-21,2020
103.9,2.0,10.0,8.1,26.0,230.0,40.0,1.306,0.234,0.008,772.0,24.39882974660946,FC,OCRBR4984M1,OCRBR4984M1-220614,LÓTICO,2014-07-14,2014
110.3,2.0,10.0,7.4,34.0,90.0,40.0,1.9233,0.0793,0.0015,744.0,25.200499933366277,FC,OCRBR4984M1,OCRBR4984M1-220215,LÓTICO,2015-02-17,2015
100.2,2.0,10.0,8.3,21.0,1500.0,750.0,1.7534,0.1181,0.0135,691.0,22.35693281718863,FC,OCRBR4984M1,OCRBR4984M1-130915,LÓTICO,2015-09-07,2015
94.1,2.0,16.0,7.9,46.0,90.0,160.0,0.561223,0.082217,0.00364,750.0,23.905928782123656,FC,OCRBR4984M1,OCRBR4984M1-210216,LÓTICO,2016-02-23,2016
99.4,2.0,15.0,8.0,22.0,150.0,40.0,1.559479,0.16073,0.004101,752.0,24.899302530477268,FC,OCRBR4984M1,OCRBR4984M1-100416,LÓTICO,2016-04-07,2016
99.3,2.0,10.0,8.2,16.0,930.0,430.0,1.068909,0.096453,0.038787,734.14,22.563139994536343,FC,OCRBR4984M1,OCRBR4984M1-190616,LÓTICO,2016-06-16,2016
112.9,2.0,10.0,7.7,92.5,2400.0,230.0,1.220696,0.132175,0.002253,506.52,73.40308919733066,A,OCRBR4984M1,OCRBR4984M1-280816,LÓTICO,2016-08-25,2016
110.3,2.0,10.0,7.3,75.7,430.0,150.0,2.10101,0.12836,0.01289,776.34,23.045205412474985,FC,OCRBR4984M1,OCRBR4984M1-190317,LÓTICO,2017-03-15,2017
92.3,2.0,10.0,7.7,27.67,2000.0,150.0,1.158543,0.375843,0.00717,518.05,75.526247522209,A,OCRBR4984M1,OCRBR4984M1-230717,LÓTICO,2017-07-21,2017
82.3,2.0,10.0,7.6,37.0,210.0,30.0,1.62307,0.2064,0.04119,828.14,23.5397836387164,FC,OCRBR4984M1,OCRBR4984M1-030917,LÓTICO,2017-09-01,2017
99.8,2.0,10.0,7.6,24.33,4600.0,930.0,1.33451,0.04463,0.00669,494.67,74.48769489349999,A,OCRBR4984M1,OCRBR4984M1-151017,LÓTICO,2017-10-11,2017
107.6,2.0,10.0,7.7,10.0,150.0,30.0,1.90013,0.047199,0.00828,756.522,25.02090727869996,FC,OCRBR4984M1,OCRBR4984M1-280118,LÓTICO,2018-01-25,2018
113.5,2.0,10.0,7.6,26.0,90.0,90.0,1.611012,0.064707,0.01737,784.96,24.66957848196373,FC,OCRBR4984M1,OCRBR4984M1-080418,LÓTICO,2018-04-05,2018
114.3,2.0,10.0,7.3,27.67,40.0,40.0,1.62082,0.152116,0.03354,771.613,25.058282259899862,FC,OCRBR4984M1,OCRBR4984M1-270518,LÓTICO,2018-05-23,2018
94.4,2.0,10.0,8.1,21.52,430.0,1291.0,1.186274,0.125752,0.01718,694.47,22.346347571595597,FC,OCRBR4984M1,OCRBR4984M1-230820,LÓTICO,2020-08-21,2020
99.6,2.0,12.0,8.86,15.0,2400.0,3.0,0.031,0.0437,0.014,388.0,83.0875772945405,A,OCRBR4985M1,OCRBR4985M1-181112,LÉNTICO,2012-12-12,2012
99.6,2.0,10.0,8.86,10.0,2400.0,3.0,0.3546,0.058,0.004,420.0,82.42007201092125,A,OCRBR4985M1,OCRBR4985M1-140413,LÉNTICO,2013-04-08,2013
99.6,2.0,10.0,8.86,10.0,2400.0,30.0,0.031,0.0552,0.0106,235.0,86.42708800249545,A,OCRBR4985M1,OCRBR4985M1-280615,LÉNTICO,2015-06-24,2015
99.6,2.0,19.0,8.86,10.0,2400.0,30.0,0.031,0.055586,0.003366,236.0,86.63816955237893,A,OCRBR4985M1,OCRBR4985M1-210216,LÉNTICO,2016-02-25,2016
99.6,2.0,10.0,8.86,10.0,2400.0,30.0,0.031,0.041765,0.002912,249.12,86.33344403762261,A,OCRBR4985M1,OCRBR4985M1-240716,LÉNTICO,2016-08-03,2016
99.6,2.0,10.0,8.86,12.3,2400.0,40.0,0.031,0.095008,0.00241,550.07,74.39001377943849,A,OCRBR4985M1,OCRBR4985M1-190317,LÉNTICO,2017-03-15,2017
99.6,2.0,11.11,8.86,10.0,2400.0,40.0,0.031,0.078504,0.003452,274.1,85.42141643813748,A,OCRBR4985M1,OCRBR4985M1-030917,LÉNTICO,2017-08-30,2017
99.6,2.0,10.0,8.86,10.0,2400.0,30.0,0.054652,0.068614,0.039242,285.7,84.12566914572947,A,OCRBR4985M1,OCRBR4985M1-220418,LÉNTICO,2018-03-16,2018
99.6,2.0,10.0,8.86,11.0,2400.0,230.0,0.031,0.035204,0.026233,317.5,79.20209259984658,A,OCRBR4985M1,OCRBR4985M1-181118,LÉNTICO,2018-11-16,2018
99.6,2.0,10.79,8.86,10.0,2400.0,40.0,0.031,0.099934,0.006839,306.76,84.4253918919425,A,OCRBR4985M1,OCRBR4985M1-200119,LÉNTICO,2019-01-16,2019
96.7,2.0,10.0,7.82,42.0,1100.0,240.0,2.7297,0.0543,0.0015,1310.0,22.676629144274138,FC,OCRBR4986M1,OCRBR4986M1-181112,LÓTICO,2012-12-06,2012
118.6,2.0,15.0,8.2,10.0,230.0,40.0,0.032,0.083,0.009,232.0,89.63875078220701,A,OCRBR4986M1,OCRBR4986M1-240814,LÓTICO,2014-08-20,2014
100.6,2.0,14.0,7.9,65.0,430.0,230.0,1.0807,0.0953,0.016,847.0,22.780495183378672,FC,OCRBR4986M1,OCRBR4986M1-290315,LÓTICO,2015-03-25,2015
103.9,2.0,15.0,8.5,35.0,24000.0,230.0,0.0884,0.2989,0.0123,881.0,20.334156830893242,FC,OCRBR4986M1,OCRBR4986M1-070615,LÓTICO,2015-06-03,2015
96.2,2.0,10.0,7.7,41.0,2400.0,430.0,0.0505,0.1133,0.01,776.0,22.504662200339688,FC,OCRBR4986M1,OCRBR4986M1-190715,LÓTICO,2015-07-15,2015
103.2,2.0,10.0,8.1,44.0,11000.0,1200.0,0.5097,0.0447,0.0095,869.0,21.13282122701307,FC,OCRBR4986M1,OCRBR4986M1-300815,LÓTICO,2015-08-27,2015
93.4,2.0,10.0,8.1,29.0,2400.0,230.0,0.609957,0.091011,0.00798,1011.94,22.58017896065195,FC,OCRBR4986M1,OCRBR4986M1-150516,LÓTICO,2016-05-12,2016
100.2,2.0,10.0,7.9,34.0,4600.0,230.0,0.693693,0.051327,0.002014,584.06,65.99018160485862,LC,OCRBR4986M1,OCRBR4986M1-190616,LÓTICO,2016-06-17,2016
98.4,2.0,10.0,8.0,32.0,430.0,70.0,0.443668,0.049018,0.0015,963.82,24.267799278948303,FC,OCRBR4986M1,OCRBR4986M1-240716,LÓTICO,2016-08-03,2016
93.8,2.0,10.0,8.0,53.53,4600.0,2400.0,1.175844,0.05224,0.038446,554.98,66.19566155548698,LC,OCRBR4986M1,OCRBR4986M1-280816,LÓTICO,2016-09-08,2016
108.7,2.0,11.52,8.0,49.3,750.0,200.0,0.77188,0.10051,0.03774,893.4,22.463840341171466,FC,OCRBR4986M1,OCRBR4986M1-300417,LÓTICO,2017-04-26,2017
91.4,2.0,10.0,7.8,84.67,4600.0,2400.0,0.89227,0.24443,0.02838,468.02,70.60457823244639,A,OCRBR4986M1,OCRBR4986M1-110617,LÓTICO,2017-06-07,2017
100.8,2.0,10.0,7.8,49.0,4600.0,4600.0,0.434029,0.113465,0.02886,985.63,21.02812358258108,FC,OCRBR4986M1,OCRBR4986M1-230717,LÓTICO,2017-07-19,2017
116.8,2.0,11.11,7.9,41.0,2400.0,2400.0,0.48492,0.1552,0.0049,870.91,21.612623513567243,FC,OCRBR4986M1,OCRBR4986M1-030917,LÓTICO,2017-08-30,2017
85.9,2.0,10.0,7.9,93.0,11000.0,750.0,0.44343,0.06671,0.00709,342.16,73.5586895701412,A,OCRBR4986M1,OCRBR4986M1-151017,LÓTICO,2017-10-11,2017
105.8,2.0,10.0,8.0,12.67,2400.0,30.0,1.076132,0.126029,0.07783,873.51,23.579352797271994,FC,OCRBR4986M1,OCRBR4986M1-280118,LÓTICO,2018-01-26,2018
89.6,2.0,10.0,8.1,35.33,750.0,750.0,0.645705,0.099819,0.01371,973.78,22.184755556750382,FC,OCRBR4986M1,OCRBR4986M1-220418,LÓTICO,2018-04-24,2018
102.7,2.0,10.0,7.9,29.0,2400.0,930.0,0.44906,0.259675,0.03617,735.508,21.91690968066403,FC,OCRBR4986M1,OCRBR4986M1-030618,LÓTICO,2018-05-28,2018
89.6,2.0,10.0,8.0,22.0,930.0,150.0,0.636634,0.062319,0.00792,882.2,23.202382892305767,FC,OCRBR4986M1,OCRBR4986M1-200119,LÓTICO,2019-01-16,2019
94.4,2.0,10.0,7.9,37.27,1100.0,2723.0,0.643362,0.072591,0.00221,606.889,21.8780031980127,FC,OCRBR4986M1,OCRBR4986M1-111020,LÓTICO,2020-10-08,2020
103.5,2.0,10.0,8.08,71.0,240.0,93.0,4.0877,0.06,0.03,1450.0,23.20165273358652,FC,OCRBR4987M1,OCRBR4987M1-181112,LÓTICO,2012-12-06,2012
116.7,2.0,14.0,8.1,96.0,430.0,430.0,1.622,0.135,0.009,1229.0,22.03101885550019,FC,OCRBR4987M1,OCRBR4987M1-310814,LÓTICO,2014-08-28,2014
114.3,2.0,10.0,8.2,65.0,430.0,30.0,1.3998,0.1507,0.0469,894.0,23.366200880336233,FC,OCRBR4987M1,OCRBR4987M1-290315,LÓTICO,2015-03-26,2015
99.1,2.0,10.0,8.1,140.0,4600.0,430.0,1.2562,0.0945,0.0133,892.0,21.277087788050544,FC,OCRBR4987M1,OCRBR4987M1-280615,LÓTICO,2015-06-24,2015
102.7,2.3,10.0,8.4,57.0,430.0,230.0,1.07,0.1133,0.0141,1028.0,22.606131349190402,FC,OCRBR4987M1,OCRBR4987M1-020815,LÓTICO,2015-08-07,2015
113.5,2.0,10.0,7.6,71.0,2400.0,930.0,1.2769,0.0562,0.0229,1152.0,21.641237716316947,FC,OCRBR4987M1,OCRBR4987M1-060915,LÓTICO,2015-09-08,2015
98.4,2.0,14.0,8.1,43.0,2400.0,230.0,1.387045,0.071408,0.047138,1020.0,22.159601765524457,FC,OCRBR4987M1,OCRBR4987M1-100416,LÓTICO,2016-04-15,2016
101.2,2.0,10.0,8.2,85.0,430.0,430.0,0.515519,0.193966,0.001904,1020.06,22.349920061905877,FC,OCRBR4987M1,OCRBR4987M1-150516,LÓTICO,2016-05-16,2016
102.6,2.0,10.0,7.8,69.0,11000.0,230.0,0.904614,0.224177,0.0015,1034.28,21.58972068484735,FC,OCRBR4987M1,OCRBR4987M1-190616,LÓTICO,2016-06-22,2016
90.1,2.0,10.0,8.1,108.0,4600.0,90.0,1.61515,0.06028,0.04019,1004.56,22.01270498237693,FC,OCRBR4987M1,OCRBR4987M1-190317,LÓTICO,2017-03-16,2017
91.4,2.0,14.33,7.9,65.67,750.0,90.0,1.378759,0.215576,0.07637,1009.44,22.67384879194979,FC,OCRBR4987M1,OCRBR4987M1-230717,LÓTICO,2017-07-20,2017
93.0,2.0,10.0,8.0,126.5,4600.0,930.0,0.5506,0.11961,0.01505,365.62,74.10074371593713,A,OCRBR4987M1,OCRBR4987M1-151017,LÓTICO,2017-10-12,2017
101.5,2.0,10.0,8.0,21.67,230.0,30.0,2.70542,0.111118,0.05508,986.599,24.148725251970358,FC,OCRBR4987M1,OCRBR4987M1-040218,LÓTICO,2018-01-29,2018
86.2,2.0,10.0,7.9,57.0,2400.0,430.0,1.841689,0.082212,0.07845,1066.639,21.333151127366477,FC,OCRBR4987M1,OCRBR4987M1-110318,LÓTICO,2018-03-09,2018
99.6,2.0,10.0,7.8,66.67,930.0,430.0,1.584783,0.05611,0.05174,568.225,67.6859172089228,LC,OCRBR4987M1,OCRBR4987M1-141018,LÓTICO,2018-10-10,2018
104.2,2.0,10.0,7.3,10.67,30.0,30.0,1.271167,0.005624,0.0442,674.696,25.406173409229304,FC,OCRBR4987M1,OCRBR4987M1-181118,LÓTICO,2018-11-16,2018
100.0,2.0,10.0,7.3,26.0,90.0,90.0,1.486937,0.034984,0.00744,922.989,25.048952645724082,FC,OCRBR4987M1,OCRBR4987M1-200119,LÓTICO,2019-01-16,2019
137.8,2.0,10.0,7.9,40.83,930.0,1872.0,1.093878,0.131483,0.04627,809.554,20.122740936540573,FC,OCRBR4987M1,OCRBR4987M1-300820,LÓTICO,2020-08-25,2020
85.4,2.0,14.0,7.81,90.0,1500.0,93.0,2.6964,0.059,0.005,1600.0,22.578497279526637,FC,OCRBR4988M1,OCRBR4988M1-211012,LÓTICO,2012-11-21,2012
80.9,2.0,10.0,7.54,106.0,460.0,23.0,1.8224,0.1288,0.027,488.0,77.1474181428753,A,OCRBR4988M1,OCRBR4988M1-140413,LÓTICO,2013-04-08,2013
106.8,2.0,10.0,7.22,95.0,460.0,240.0,0.533,0.0175,0.007,784.0,22.632509739320756,FC,OCRBR4988M1,OCRBR4988M1-090613,LÓTICO,2013-06-07,2013
121.3,2.0,10.0,8.2,50.0,230.0,40.0,1.3746,0.1391,0.0166,1001.0,23.6819546310075,FC,OCRBR4988M1,OCRBR4988M1-290315,LÓTICO,2015-03-26,2015
98.5,2.0,10.0,8.2,39.0,930.0,90.0,0.6342,0.0395,0.0123,1019.0,23.579412621737568,FC,OCRBR4988M1,OCRBR4988M1-020815,LÓTICO,2015-07-30,2015
113.3,2.0,14.0,8.2,47.0,930.0,90.0,0.3007,0.0473,0.0233,1046.0,23.23424053274822,FC,OCRBR4988M1,OCRBR4988M1-060915,LÓTICO,2015-09-02,2015
110.9,2.0,15.0,7.1,45.0,230.0,90.0,1.824393,0.215304,0.012637,1163.0,23.781300243378677,FC,OCRBR4988M1,OCRBR4988M1-210216,LÓTICO,2016-02-17,2016
104.4,2.0,16.0,8.1,41.0,230.0,90.0,1.04092,0.134688,0.041858,1140.0,23.594073786289755,FC,OCRBR4988M1,OCRBR4988M1-100416,LÓTICO,2016-04-15,2016
100.9,2.0,10.0,8.1,83.0,930.0,930.0,0.515505,0.196342,0.001522,1040.38,21.80616422889227,FC,OCRBR4988M1,OCRBR4988M1-150516,LÓTICO,2016-05-16,2016
100.3,2.71,10.0,7.9,59.0,11000.0,430.0,0.995123,0.235759,0.002951,1066.73,21.528132126283793,FC,OCRBR4988M1,OCRBR4988M1-190616,LÓTICO,2016-06-22,2016
105.3,2.34,10.0,8.1,51.0,930.0,930.0,0.216147,0.13832,0.0015,1123.1,22.10409670758974,FC,OCRBR4988M1,OCRBR4988M1-240716,LÓTICO,2016-07-28,2016
86.7,2.0,10.0,8.5,96.0,930.0,30.0,1.20952,0.02895,0.01764,1033.82,22.784971824011865,FC,OCRBR4988M1,OCRBR4988M1-190317,LÓTICO,2017-03-16,2017
82.8,2.0,10.0,7.8,46.67,11000.0,4600.0,0.332549,0.277534,0.0049,1066.58,19.999731528585247,EC,OCRBR4988M1,OCRBR4988M1-230717,LÓTICO,2017-07-20,2017
104.8,2.0,10.0,7.9,18.67,230.0,40.0,2.630053,0.059538,0.02586,1130.884,24.393558312794532,FC,OCRBR4988M1,OCRBR4988M1-040218,LÓTICO,2018-01-29,2018
103.9,2.0,10.0,8.0,52.67,230.0,230.0,1.755281,0.070425,0.02056,1181.63,22.814043009055634,FC,OCRBR4988M1,OCRBR4988M1-110318,LÓTICO,2018-03-09,2018
89.5,2.0,20.89,7.9,53.0,40.0,40.0,1.096992,0.040209,0.06514,1237.376,24.22261588013721,FC,OCRBR4988M1,OCRBR4988M1-150418,LÓTICO,2018-04-10,2018
99.6,2.0,10.0,8.5,55.67,430.0,230.0,1.654207,0.034955,0.04538,504.647,73.99046608051536,A,OCRBR4988M1,OCRBR4988M1-141018,LÓTICO,2018-10-10,2018
102.0,2.0,10.0,7.9,11.33,210.0,150.0,1.316785,0.038573,0.03831,668.743,23.60418081669186,FC,OCRBR4988M1,OCRBR4988M1-181118,LÓTICO,2018-11-16,2018
101.9,2.0,10.0,7.4,19.0,210.0,150.0,0.942411,0.034307,0.00768,1006.535,24.15805686681508,FC,OCRBR4988M1,OCRBR4988M1-200119,LÓTICO,2019-01-16,2019
99.6,2.0,10.0,7.47,14.0,2400.0,3.0,0.6239,0.0469,0.05094,358.0,86.22868987519426,A,OCRBR4990M1,OCRBR4990M1-070413,SUBTERRÁNEO,2013-04-05,2013
99.6,2.0,10.0,7.4,14.0,2400.0,30.0,0.098,0.098,0.05094,322.0,86.575653609493,A,OCRBR4990M1,OCRBR4990M1-090214,SUBTERRÁNEO,2014-06-06,2014
99.6,2.0,10.0,7.2,14.0,2400.0,30.0,1.0771,0.0591,0.05094,325.0,86.13735074277568,A,OCRBR4990M1,OCRBR4990M1-010315,SUBTERRÁNEO,2015-03-18,2015
99.6,2.0,10.0,6.8,14.0,2400.0,3.0,1.324363,0.053835,0.05094,310.94,86.14750927361155,A,OCRBR4990M1,OCRBR4990M1-240416,SUBTERRÁNEO,2016-10-05,2016
134.5,2.0,10.0,6.95,19.0,460.0,240.0,5.2743,0.1494,0.0522,1700.0,21.262435053914423,FC,OCRBR4991M1,OCRBR4991M1-181112,LÓTICO,2012-12-06,2012
118.8,2.0,10.0,7.21,10.0,2400.0,2400.0,2.1823,0.1434,0.013,1370.0,21.83153774035286,FC,OCRBR4991M1,OCRBR4991M1-140413,LÓTICO,2013-04-11,2013
98.6,2.0,10.0,8.2,19.0,1500.0,230.0,3.4975,0.0917,0.0164,1343.0,22.64121385867246,FC,OCRBR4991M1,OCRBR4991M1-090815,LÓTICO,2015-08-06,2015
99.8,2.0,11.84,7.0,93.67,11000.0,1500.0,9.23454,0.44497,0.00489,2003.04,20.129070205036147,FC,OCRBR4991M1,OCRBR4991M1-110617,LÓTICO,2017-06-08,2017
100.2,2.0,12.7,7.1,87.0,2400.0,2400.0,5.09298,0.09969,0.00658,1788.48,21.29196710990135,FC,OCRBR4991M1,OCRBR4991M1-030917,LÓTICO,2017-08-28,2017
97.9,2.0,10.0,7.5,10.0,430.0,70.0,10.128606,0.05816,0.0015,1949.8,24.052934425368132,FC,OCRBR4991M1,OCRBR4991M1-040218,LÓTICO,2018-01-30,2018
99.1,2.0,10.0,8.0,17.67,2400.0,430.0,8.039629,0.115109,0.03275,1929.4,22.133460506351927,FC,OCRBR4991M1,OCRBR4991M1-110318,LÓTICO,2018-03-06,2018
131.5,2.0,10.0,7.99,18.0,2400.0,1100.0,5.1985,0.65,0.03,1700.0,20.354266308193964,FC,OCRBR4992M1,OCRBR4992M1-181112,LÓTICO,2012-12-06,2012
100.2,2.8,10.0,8.3,36.0,2400.0,230.0,3.6428,0.1852,0.0208,1276.0,22.22249044755147,FC,OCRBR4992M1,OCRBR4992M1-090815,LÓTICO,2015-08-06,2015
98.2,2.32,10.0,7.8,25.0,11000.0,930.0,2.187287,0.175848,0.002979,1616.44,21.482397680886198,FC,OCRBR4992M1,OCRBR4992M1-240716,LÓTICO,2016-07-20,2016
110.0,2.0,13.02,7.3,76.0,4600.0,930.0,5.9183,0.10935,0.00991,1730.16,21.305585773820482,FC,OCRBR4992M1,OCRBR4992M1-030917,LÓTICO,2017-08-28,2017
96.3,2.0,10.0,7.3,10.0,930.0,930.0,9.996195,0.096277,0.00362,2076.537,22.187700620527195,FC,OCRBR4992M1,OCRBR4992M1-040218,LÓTICO,2018-01-30,2018
118.5,2.0,10.0,8.1,13.0,230.0,230.0,13.47983,0.06956,0.05845,1682.641,21.279853194595667,FC,OCRBR4992M1,OCRBR4992M1-030219,LÓTICO,2019-01-31,2019
92.8,2.0,10.0,7.9,105.2,4600.0,12997.0,3.04275,0.795708,0.02687,1651.202,18.553268562050366,EC,OCRBR4992M1,OCRBR4992M1-300820,LÓTICO,2020-08-26,2020
100.8,2.0,15.0,7.8,14.0,930.0,90.0,8.9413,0.5527,0.0207,1635.0,23.106430018994317,FC,OCRBR4993M1,OCRBR4993M1-080315,LÓTICO,2015-02-27,2015
125.8,2.0,13.0,8.5,82.0,430.0,230.0,7.0111,0.1451,0.0446,1014.0,21.046113760423733,FC,OCRBR4993M1,OCRBR4993M1-050715,LÓTICO,2015-06-29,2015
99.6,2.0,11.0,8.3,49.0,930.0,430.0,3.5924,0.1293,0.0235,1188.0,22.120991302947306,FC,OCRBR4993M1,OCRBR4993M1-090815,LÓTICO,2015-08-06,2015
101.2,2.0,10.0,7.9,59.0,230.0,230.0,3.24945,0.086931,0.003631,963.17,22.869775050742618,FC,OCRBR4993M1,OCRBR4993M1-150516,LÓTICO,2016-05-09,2016
95.2,2.0,12.09,7.8,111.0,2400.0,2400.0,5.045026,0.230442,0.007652,648.96,20.863918281039393,FC,OCRBR4993M1,OCRBR4993M1-190616,LÓTICO,2016-06-16,2016
105.0,2.0,10.0,7.6,75.33,2400.0,90.0,6.19894,0.54063,0.06452,1155.6,22.122542053398064,FC,OCRBR4993M1,OCRBR4993M1-110617,LÓTICO,2017-06-08,2017
104.2,2.0,10.18,8.2,85.33,24000.0,2100.0,13.44309,0.23548,0.07535,1653.84,17.802027505066544,EC,OCRBR4993M1,OCRBR4993M1-151017,LÓTICO,2017-10-19,2017
98.8,2.0,10.0,7.9,13.67,930.0,70.0,8.026357,0.373515,0.03119,1496.472,23.311049676425696,FC,OCRBR4993M1,OCRBR4993M1-040218,LÓTICO,2018-01-29,2018
115.4,2.0,11.23,8.2,131.5,1100.0,930.0,7.213255,0.103023,0.00773,1004.011,20.83804694286144,FC,OCRBR4993M1,OCRBR4993M1-030618,LÓTICO,2018-07-03,2018
128.6,2.0,10.0,7.88,14.0,460.0,240.0,4.7412,0.0295,0.0104,844.0,22.202164266796792,FC,OCRBR4994M1,OCRBR4994M1-181112,LÓTICO,2012-12-06,2012
129.9,2.0,10.0,7.54,67.0,210.0,23.0,0.1576,0.0672,0.01,722.0,23.378284683327553,FC,OCRBR4994M1,OCRBR4994M1-100313,LÓTICO,2013-03-07,2013
99.7,2.0,11.0,7.6,10.0,2400.0,230.0,8.0733,0.4092,0.0015,1379.0,22.494121082944865,FC,OCRBR4994M1,OCRBR4994M1-080315,LÓTICO,2015-02-27,2015
103.7,2.0,23.0,8.2,82.0,2400.0,430.0,15.521,0.2394,0.2623,1360.99,18.422563883614785,EC,OCRBR4994M1,OCRBR4994M1-120415,LÓTICO,2015-04-09,2015
124.2,2.0,12.0,8.5,82.0,2400.0,2400.0,7.2808,0.0946,0.0447,1014.0,20.034502650374858,FC,OCRBR4994M1,OCRBR4994M1-050715,LÓTICO,2015-06-29,2015
100.2,2.0,12.0,8.3,48.0,430.0,90.0,3.4031,0.0892,0.0207,1205.0,23.457841854949287,FC,OCRBR4994M1,OCRBR4994M1-090815,LÓTICO,2015-08-06,2015
135.7,2.0,10.0,8.3,48.0,24000.0,1500.0,6.551246,0.132526,0.004522,1268.0,18.33610481552396,EC,OCRBR4994M1,OCRBR4994M1-100416,LÓTICO,2016-04-05,2016
103.8,2.0,10.0,7.7,76.67,2400.0,930.0,6.37012,0.19489,0.07504,1163.3,20.972272178327554,FC,OCRBR4994M1,OCRBR4994M1-110617,LÓTICO,2017-06-08,2017
106.8,2.0,14.91,7.8,64.5,11000.0,230.0,11.10756,0.31354,0.08589,1358.83,20.21345246192823,FC,OCRBR4994M1,OCRBR4994M1-151017,LÓTICO,2017-10-19,2017
108.6,2.0,10.0,7.8,10.67,2400.0,40.0,8.297636,0.486691,0.10463,1891.306,22.661408333170833,FC,OCRBR4994M1,OCRBR4994M1-040218,LÓTICO,2018-01-29,2018
101.3,2.0,13.33,8.0,10.0,150.0,40.0,7.138489,0.102085,0.03543,1396.886,24.340328446617026,FC,OCRBR4994M1,OCRBR4994M1-040318,LÓTICO,2018-03-01,2018
113.5,2.0,10.0,7.8,10.0,90.0,40.0,4.433319,0.0395,0.00847,814.255,24.920076599109766,FC,OCRBR4994M1,OCRBR4994M1-150418,LÓTICO,2018-04-12,2018
132.2,2.0,10.0,6.9,48.67,150.0,150.0,4.460247,0.087737,0.03537,651.54,22.081070433991236,FC,OCRBR4994M1,OCRBR4994M1-030618,LÓTICO,2018-06-01,2018
107.6,2.0,10.0,8.1,10.0,230.0,230.0,10.980151,0.083595,0.00157,1660.982,22.585358271675815,FC,OCRBR4994M1,OCRBR4994M1-200119,LÓTICO,2019-01-15,2019
96.3,2.0,10.0,7.83,19.0,2400.0,2400.0,3.993,0.6041,0.003,816.0,21.4944050142114,FC,OCRBR4995M1,OCRBR4995M1-251112,LÓTICO,2012-12-15,2012
93.9,2.0,10.0,7.5,50.0,430.0,430.0,6.4486,0.5946,0.0259,1047.0,21.982965444542657,FC,OCRBR4995M1,OCRBR4995M1-220215,LÓTICO,2015-02-17,2015
83.7,2.0,10.0,7.7,17.67,930.0,430.0,6.56171,0.29988,0.00478,1267.31,22.02650432497827,FC,OCRBR4995M1,OCRBR4995M1-110617,LÓTICO,2017-06-09,2017
99.2,2.0,10.0,7.8,10.0,1500.0,200.0,6.33256,0.54991,0.03656,1409.4,22.167886420793437,FC,OCRBR4995M1,OCRBR4995M1-030917,LÓTICO,2017-08-29,2017
110.2,2.0,10.0,7.3,10.0,40.0,40.0,6.681398,0.343878,0.07326,1115.286,24.44374306464702,FC,OCRBR4995M1,OCRBR4995M1-280118,LÓTICO,2018-01-24,2018
114.8,2.0,10.0,8.0,10.0,2400.0,1650.0,4.548101,0.413561,0.00121,773.838,21.593701671396712,FC,OCRBR4995M1,OCRBR4995M1-230820,LÓTICO,2020-08-19,2020
112.4,2.0,15.0,7.8,43.0,24000.0,1500.0,8.1665,2.2152,0.1124,1174.0,17.567827329703082,EC,OCRBR4996M1,OCRBR4996M1-220215,LÓTICO,2015-02-17,2015
106.1,2.0,21.0,7.7,37.0,430.0,430.0,7.0569,0.288,0.0505,1020.67,22.114524515819518,FC,OCRBR4996M1,OCRBR4996M1-050415,LÓTICO,2015-03-31,2015
110.2,2.0,10.0,8.5,55.0,430.0,230.0,3.7998,0.3557,0.0385,754.0,21.862892610655425,FC,OCRBR4996M1,OCRBR4996M1-020815,LÓTICO,2015-08-03,2015
102.3,2.0,10.0,8.3,21.0,930.0,230.0,4.1711,0.3788,0.1174,782.0,21.72743739253449,FC,OCRBR4996M1,OCRBR4996M1-130915,LÓTICO,2015-09-07,2015
110.2,2.0,10.0,7.5,79.5,30.0,30.0,3.98963,0.51696,0.28721,917.99,22.40667882316213,FC,OCRBR4996M1,OCRBR4996M1-300417,LÓTICO,2017-04-24,2017
115.3,2.0,10.0,7.3,29.33,430.0,230.0,4.68214,0.18604,0.28635,1013.08,21.10744627248757,FC,OCRBR4996M1,OCRBR4996M1-110617,LÓTICO,2017-06-09,2017
88.3,2.0,17.65,7.5,41.0,430.0,90.0,5.35963,1.19009,0.25396,1003.1,20.952438203900172,FC,OCRBR4996M1,OCRBR4996M1-030917,LÓTICO,2017-09-01,2017
108.8,2.0,10.0,8.0,11.0,430.0,150.0,4.745042,1.12,0.33432,904.066,20.403968542216212,FC,OCRBR4996M1,OCRBR4996M1-040318,LÓTICO,2018-03-06,2018
98.1,2.0,10.0,7.9,12.67,24000.0,11000.0,9.206119,3.259468,0.26072,1373.425,15.542867203892508,EC,OCRBR4996M1,OCRBR4996M1-200119,LÓTICO,2019-01-18,2019
99.6,2.0,10.0,6.98,14.0,2400.0,3.0,1.49507,0.17,0.05094,1220.0,23.97060268609212,FC,OCRBR4998M1,OCRBR4998M1-211012,SUBTERRÁNEO,2012-11-05,2012
99.6,2.0,10.0,6.71,14.0,2400.0,3.0,1.8153,0.2121,0.05094,1300.0,23.73806559434398,FC,OCRBR4998M1,OCRBR4998M1-090613,SUBTERRÁNEO,2013-06-06,2013
99.6,2.0,10.0,7.5,14.0,2400.0,4.0,0.911406,0.2394,0.05094,1605.28,24.122684943193622,FC,OCRBR4998M1,OCRBR4998M1-010516,SUBTERRÁNEO,2016-04-27,2016
99.6,2.0,10.0,6.8,14.0,2400.0,3.0,1.49507,0.14113,0.05094,1620.16,23.882230587120592,FC,OCRBR4998M1,OCRBR4998M1-140517,SUBTERRÁNEO,2017-06-19,2017
99.6,2.0,10.0,7.0,14.0,2400.0,3.0,2.681222,0.007339,0.05094,466.42,81.50299597488933,A,OCRBR4999M3,OCRBR4999M3-250916,SUBTERRÁNEO,2016-09-23,2016
99.6,2.0,10.0,6.8,14.0,2400.0,3.0,1.85746,0.0035,0.05094,404.768,83.5818817469513,A,OCRBR4999M3,OCRBR4999M3-140517,SUBTERRÁNEO,2017-05-08,2017
99.6,2.0,10.0,7.3,14.0,2400.0,3.0,9.31901,0.07242,0.05094,446.124,81.62416219878911,A,OCRBR4999M3,OCRBR4999M3-210118,SUBTERRÁNEO,2018-01-16,2018
99.6,2.0,10.0,7.2,14.0,2400.0,3.0,2.144664,0.033046,0.05094,442.5212,83.04204703841192,A,OCRBR4999M3,OCRBR4999M3-181118,SUBTERRÁNEO,2018-11-15,2018
99.6,2.0,10.0,7.4,14.0,2400.0,10.0,9.228152,0.27861,0.05094,464.7418,80.38341841168402,A,OCRBR4999M3,OCRBR4999M3-200920,SUBTERRÁNEO,2020-09-17,2020
117.1,2.0,10.0,8.5,78.0,4600.0,4600.0,4.4937,0.3476,0.0415,829.0,19.737161011063275,EC,OCRBR5000M1,OCRBR5000M1-280615,LÓTICO,2015-06-17,2015
94.5,2.0,12.0,8.2,32.0,430.0,430.0,4.6597,0.1346,0.0155,780.0,22.463017901518274,FC,OCRBR5000M1,OCRBR5000M1-020815,LÓTICO,2015-07-20,2015
103.9,2.0,10.0,8.1,14.0,230.0,230.0,4.0927,0.0415,0.0524,754.0,22.713111096961256,FC,OCRBR5000M1,OCRBR5000M1-130915,LÓTICO,2015-09-08,2015
125.2,2.0,16.0,8.2,10.0,930.0,230.0,6.112043,0.249931,0.372466,822.0,19.63241025314561,EC,OCRBR5000M1,OCRBR5000M1-280216,LÓTICO,2016-02-24,2016
102.2,2.0,16.0,8.1,42.0,2400.0,930.0,7.082908,0.907425,0.52462,935.0,18.186371502219693,EC,OCRBR5000M1,OCRBR5000M1-170416,LÓTICO,2016-04-13,2016
89.8,2.0,10.0,8.2,26.0,4600.0,2400.0,2.60306,0.382455,0.027333,669.24,20.90553647221675,FC,OCRBR5000M1,OCRBR5000M1-260616,LÓTICO,2016-06-23,2016
98.6,2.0,10.96,7.4,88.0,4600.0,2400.0,5.20815,0.36416,0.41118,940.8,18.478965137741607,EC,OCRBR5000M1,OCRBR5000M1-260217,LÓTICO,2017-02-21,2017
103.7,2.0,19.93,8.1,53.0,430.0,430.0,9.46369,0.16543,0.0015,805.64,22.212007243154517,FC,OCRBR5000M1,OCRBR5000M1-210517,LÓTICO,2017-05-15,2017
107.4,2.0,10.0,7.6,15.67,2400.0,230.0,6.939435,0.142762,0.29047,1096.753,20.822370750746487,FC,OCRBR5000M1,OCRBR5000M1-110218,LÓTICO,2018-02-06,2018
140.3,2.0,11.0,7.2,29.3,4600.0,1935.0,7.300153,0.093889,0.01032,996.068,19.797964123578534,EC,OCRBR5000M1,OCRBR5000M1-160820,LÓTICO,2020-08-11,2020
59.0,2.0,10.0,6.51,10.0,2400.0,3.0,2.9,0.0035,0.05094,360.0,76.47674210614211,A,OCRBR5001M1,OCRBR5001M1-211012,SUBTERRÁNEO,2012-11-05,2012
59.0,2.0,10.0,6.98,10.0,2400.0,3.0,2.338,0.0035,0.05094,394.0,76.77334932527584,A,OCRBR5001M1,OCRBR5001M1-070413,SUBTERRÁNEO,2013-04-05,2013
59.0,2.0,10.0,6.7,10.0,2400.0,30.0,2.3557,0.0035,0.05094,328.0,77.17467440505347,A,OCRBR5001M1,OCRBR5001M1-010315,SUBTERRÁNEO,2015-02-23,2015
59.0,2.0,10.0,6.5,10.0,2400.0,3.0,1.970922,0.058875,0.05094,374.01,76.37415888600358,A,OCRBR5001M1,OCRBR5001M1-060817,SUBTERRÁNEO,2017-08-04,2017
59.0,2.0,10.0,7.6,10.0,2400.0,3.0,2.434176,0.032303,0.05094,339.9408,78.47449537228574,A,OCRBR5001M1,OCRBR5001M1-250318,SUBTERRÁNEO,2018-06-29,2018
59.0,2.0,10.0,6.9,10.0,2400.0,3.0,2.397341,0.019411,0.05094,349.51,77.69205301977294,A,OCRBR5001M1,OCRBR5001M1-211018,SUBTERRÁNEO,2018-10-17,2018
59.0,2.0,10.0,7.7,10.0,2400.0,10.0,3.597931,0.0035,0.05094,330.5264,78.13497850270666,A,OCRBR5001M1,OCRBR5001M1-270920,SUBTERRÁNEO,2020-09-23,2020
117.4,2.0,10.0,8.09,90.0,2400.0,23.0,6.3144,1.0547,0.2194,744.0,20.65457762682026,FC,OCRBR5002M1,OCRBR5002M1-281012,LÓTICO,2012-11-25,2012
113.0,2.0,11.0,8.76,20.0,240.0,240.0,6.7696,2.32,0.36,694.0,18.50329964299039,EC,OCRBR5002M1,OCRBR5002M1-181112,LÓTICO,2012-12-06,2012
111.3,2.0,10.0,7.4,56.0,11000.0,750.0,7.7486,0.9115,0.096,990.0,19.82865943316195,EC,OCRBR5002M1,OCRBR5002M1-220215,LÓTICO,2015-02-20,2015
93.5,2.0,10.0,7.9,43.0,430.0,4600.0,4.8336,0.7066,0.1252,737.0,20.1909129327451,FC,OCRBR5002M1,OCRBR5002M1-130915,LÓTICO,2015-09-09,2015
97.6,2.0,10.0,8.0,10.0,430.0,230.0,5.821114,2.120796,0.445855,893.0,18.688889902682103,EC,OCRBR5002M1,OCRBR5002M1-280216,LÓTICO,2016-02-22,2016
99.2,2.0,10.0,8.0,50.0,930.0,230.0,4.771424,0.389071,0.017368,661.13,22.174273417715966,FC,OCRBR5002M1,OCRBR5002M1-260616,LÓTICO,2016-06-20,2016
90.1,2.0,10.0,7.2,74.0,930.0,430.0,6.74677,0.50516,0.65261,951.58,18.125389055674265,EC,OCRBR5002M1,OCRBR5002M1-090417,LÓTICO,2017-04-04,2017
102.1,2.0,11.92,7.2,49.0,280.0,150.0,5.04257,0.1843,0.62318,805.64,19.76615567392498,EC,OCRBR5002M1,OCRBR5002M1-210517,LÓTICO,2017-05-16,2017
110.0,2.0,10.0,7.8,10.0,4600.0,4600.0,7.891365,0.552438,0.53747,1046.9,17.85489278666706,EC,OCRBR5002M1,OCRBR5002M1-110218,LÓTICO,2018-02-08,2018
105.3,2.0,15.22,8.0,20.0,11000.0,2400.0,5.5378,0.553177,0.41249,1023.112,18.20693522395137,EC,OCRBR5002M1,OCRBR5002M1-180318,LÓTICO,2018-03-15,2018
102.3,2.0,10.0,7.9,23.67,11000.0,2400.0,4.582907,0.875777,0.78116,1130.42,16.480125736830345,EC,OCRBR5002M1,OCRBR5002M1-290418,LÓTICO,2018-05-04,2018
94.3,2.0,10.0,7.32,70.0,2400.0,2400.0,6.2268,0.5957,0.2172,780.0,19.610356678849985,EC,OCRBR5003M1,OCRBR5003M1-281012,LÓTICO,2012-11-21,2012
118.3,2.0,14.0,8.3,66.0,4600.0,930.0,4.7689,0.3536,0.0392,863.0,20.569926453751904,FC,OCRBR5003M1,OCRBR5003M1-280615,LÓTICO,2015-06-17,2015
98.9,2.0,10.0,8.0,33.0,930.0,430.0,4.7088,0.1225,0.0681,774.0,22.03755410739535,FC,OCRBR5003M1,OCRBR5003M1-020815,LÓTICO,2015-07-20,2015
103.3,2.0,10.0,8.2,18.0,150.0,150.0,4.0231,0.0549,0.0491,686.0,23.395561616300483,FC,OCRBR5003M1,OCRBR5003M1-130915,LÓTICO,2015-09-08,2015
103.1,2.0,10.0,8.1,13.33,930.0,230.0,8.146001,0.134026,0.3217,1104.422,20.574602861030677,FC,OCRBR5003M1,OCRBR5003M1-110218,LÓTICO,2018-02-06,2018
61.0,2.0,10.0,7.81,29.0,2400.0,460.0,6.4268,0.4508,0.19,800.0,19.19544171660747,EC,OCRBR5004M1,OCRBR5004M1-140413,LÓTICO (HUMEDAL),2013-04-11,2013
98.4,2.0,19.0,7.4,128.0,4600.0,930.0,6.362,1.655,0.219,751.0,18.630330052551784,EC,OCRBR5004M1,OCRBR5004M1-240814,LÓTICO (HUMEDAL),2014-09-01,2014
108.3,2.36,19.0,7.9,10.0,2400.0,930.0,7.647445,0.909378,0.491378,970.0,18.50114362386899,EC,OCRBR5004M1,OCRBR5004M1-210216,LÓTICO (HUMEDAL),2016-02-17,2016
63.1,2.0,10.0,7.76,84.0,460.0,43.0,8.1634,1.0432,0.076,1010.0,20.429504392140167,FC,OCRBR5005M1,OCRBR5005M1-140413,LÓTICO,2013-04-11,2013
94.1,2.0,10.0,7.6,115.0,2400.0,430.0,7.2247,0.2222,0.0023,668.0,21.484498101978335,FC,OCRBR5005M1,OCRBR5005M1-040813,LÓTICO,2013-07-30,2013
117.7,2.0,15.0,7.8,124.0,11000.0,4600.0,6.56,1.445,0.237,761.0,17.374674283762086,EC,OCRBR5005M1,OCRBR5005M1-240814,LÓTICO,2014-09-01,2014
114.3,2.0,19.0,8.2,49.0,930.0,930.0,7.591591,0.92747,0.495235,1025.0,18.14367796280597,EC,OCRBR5005M1,OCRBR5005M1-210216,LÓTICO,2016-02-17,2016
97.5,2.2,17.0,8.1,76.0,4600.0,930.0,9.679672,1.2597,0.736935,1024.0,16.416521309002828,EC,OCRBR5005M1,OCRBR5005M1-100416,LÓTICO,2016-04-01,2016
99.6,2.0,10.0,7.2,14.0,2400.0,3.0,3.791247,0.032164,0.05094,451.14,82.32948065077831,A,OCRBR5007M2,OCRBR5007M2-091016,SUBTERRÁNEO,2016-10-07,2016
99.6,2.0,10.0,7.0,14.0,2400.0,7.0,5.8072,0.0137,0.05094,453.418,81.43073830458513,A,OCRBR5007M2,OCRBR5007M2-140517,SUBTERRÁNEO,2017-05-08,2017
99.6,2.0,10.0,7.5,14.0,2400.0,3.0,4.23479,0.05333,0.05094,448.0224,82.55248333263086,A,OCRBR5007M2,OCRBR5007M2-210118,SUBTERRÁNEO,2018-01-16,2018
99.6,2.0,10.0,7.3,14.0,2400.0,3.0,3.642437,0.0035,0.05094,452.4432,82.46835414157782,A,OCRBR5007M2,OCRBR5007M2-181118,SUBTERRÁNEO,2018-11-15,2018
60.0,2.0,10.0,7.64,10.0,2400.0,3.0,7.97,0.03,0.05094,352.0,77.42275477347619,A,OCRBR5008M1,OCRBR5008M1-281012,SUBTERRÁNEO,2012-11-14,2012
60.0,2.0,10.0,6.51,10.0,2400.0,3.0,8.9959,0.0234,0.05094,356.0,75.7572543085077,A,OCRBR5008M1,OCRBR5008M1-140713,SUBTERRÁNEO,2013-07-11,2013
60.0,2.0,10.0,7.2,10.0,2400.0,3.0,7.6001,0.0882,0.05094,325.0,78.14432145923837,A,OCRBR5008M1,OCRBR5008M1-260715,SUBTERRÁNEO,2015-07-15,2015
60.0,2.0,10.0,7.1,10.0,2400.0,3.0,10.008605,0.05336,0.05094,362.5,76.57778201791322,A,OCRBR5008M1,OCRBR5008M1-060817,SUBTERRÁNEO,2017-08-03,2017
60.0,2.0,10.0,7.1,10.0,2400.0,3.0,10.0984,0.040169,0.05094,382.956,76.02148770453782,A,OCRBR5008M1,OCRBR5008M1-220418,SUBTERRÁNEO,2018-06-13,2018
60.0,2.0,10.0,7.3,10.0,2400.0,3.0,9.087961,0.14954,0.05094,360.491,77.05808814517195,A,OCRBR5008M1,OCRBR5008M1-211018,SUBTERRÁNEO,2018-10-18,2018
60.0,2.0,10.0,7.4,10.0,2400.0,10.0,8.495764,0.015122,0.05094,346.36,77.65388804026571,A,OCRBR5008M1,OCRBR5008M1-270920,SUBTERRÁNEO,2020-09-24,2020
108.6,2.0,10.0,7.75,36.0,460.0,240.0,6.8187,0.1033,0.0015,1150.0,22.822764177744144,FC,OCRBR5009M1,OCRBR5009M1-281012,LÓTICO,2012-11-25,2012
114.6,2.0,10.0,7.96,10.0,2400.0,43.0,6.0634,0.1361,0.004,1100.0,23.665623111460697,FC,OCRBR5009M1,OCRBR5009M1-251112,LÓTICO,2012-12-15,2012
120.1,2.0,10.0,8.11,10.0,2400.0,43.0,5.7244,0.1623,0.0015,1140.0,23.51305593050555,FC,OCRBR5009M1,OCRBR5009M1-161212,LÓTICO,2013-02-07,2013
99.2,2.0,10.0,7.08,13.0,3.0,3.0,4.274,0.1307,0.013,1090.0,25.7091037460533,FC,OCRBR5009M1,OCRBR5009M1-210413,LÓTICO,2013-04-17,2013
102.9,2.0,10.0,7.71,14.0,2400.0,460.0,5.0562,0.061,0.006,1210.0,22.623181926848137,FC,OCRBR5009M1,OCRBR5009M1-230613,LÓTICO,2013-06-17,2013
69.3,2.0,10.0,7.8,50.0,2400.0,2400.0,5.87,0.055,0.024,832.0,20.136957132066154,FC,OCRBR5009M1,OCRBR5009M1-261014,LÓTICO,2014-10-23,2014
101.6,2.0,10.0,7.1,10.0,430.0,40.0,5.6648,0.1529,0.0021,758.0,24.456219461091397,FC,OCRBR5009M1,OCRBR5009M1-080315,LÓTICO,2015-03-04,2015
105.2,2.0,10.0,7.5,11.0,2100.0,230.0,4.9054,0.0387,0.0178,734.0,22.787898946435465,FC,OCRBR5009M1,OCRBR5009M1-210615,LÓTICO,2015-06-17,2015
106.2,2.0,10.0,7.2,17.0,2400.0,230.0,4.6786,0.0538,0.0162,720.0,22.71948441502186,FC,OCRBR5009M1,OCRBR5009M1-260715,LÓTICO,2015-07-21,2015
105.3,2.0,10.0,7.5,10.0,24000.0,11000.0,5.6605,0.0716,0.0015,739.0,18.92998743295833,EC,OCRBR5009M1,OCRBR5009M1-060915,LÓTICO,2015-08-28,2015
93.1,2.0,10.0,7.3,10.0,4600.0,430.0,6.008114,0.035723,0.011546,807.0,22.246025841812358,FC,OCRBR5009M1,OCRBR5009M1-280216,LÓTICO,2016-02-22,2016
98.9,2.0,10.0,7.9,10.0,2400.0,110.0,5.349574,0.245769,0.00237,202.0,86.82456476191766,A,OCRBR5009M1,OCRBR5009M1-170416,LÓTICO,2016-04-11,2016
102.9,2.0,10.0,8.2,26.0,2400.0,930.0,3.770271,0.153424,0.001353,894.4,22.01728037987127,FC,OCRBR5009M1,OCRBR5009M1-310716,LÓTICO,2016-07-25,2016
99.9,2.0,10.0,7.4,11.0,11000.0,280.0,5.48071,0.08073,0.00598,955.46,22.111903168718346,FC,OCRBR5009M1,OCRBR5009M1-090417,LÓTICO,2017-04-10,2017
101.9,2.0,10.0,7.9,11.33,2400.0,230.0,4.458931,0.0521,0.00992,936.05,22.718055163712506,FC,OCRBR5009M1,OCRBR5009M1-130817,LÓTICO,2017-08-11,2017
100.0,2.0,10.0,6.9,10.0,930.0,430.0,4.55214,0.06678,0.0184,940.87,22.655820448262368,FC,OCRBR5009M1,OCRBR5009M1-240917,LÓTICO,2017-09-19,2017
101.7,2.0,10.0,7.6,12.67,2400.0,430.0,4.089305,0.127924,0.01127,946.622,22.685577852222707,FC,OCRBR5009M1,OCRBR5009M1-060518,LÓTICO,2018-05-02,2018
99.2,2.0,10.0,7.2,10.0,4600.0,4600.0,4.726242,0.083251,0.03021,928.908,21.20694092391794,FC,OCRBR5009M1,OCRBR5009M1-170618,LÓTICO,2018-06-11,2018
100.3,2.0,10.0,8.0,10.0,24000.0,230.0,5.079882,0.076356,0.02101,885.602,20.63268359787796,FC,OCRBR5009M1,OCRBR5009M1-141018,LÓTICO,2018-10-08,2018
113.4,2.0,10.0,8.0,10.0,430.0,40.0,5.549867,0.038324,0.00394,392.786,84.93416838909046,A,OCRBR5009M1,OCRBR5009M1-181118,LÓTICO,2018-11-12,2018
98.6,2.0,10.0,7.3,10.0,2400.0,230.0,5.528218,0.121128,0.01932,926.967,22.73500388689845,FC,OCRBR5009M1,OCRBR5009M1-200119,LÓTICO,2019-01-14,2019
103.2,2.0,10.0,8.1,10.0,2400.0,2247.0,6.296805,0.020338,0.00352,772.896,21.779000219536858,FC,OCRBR5009M1,OCRBR5009M1-060920,LÓTICO,2020-09-03,2020
102.9,2.0,10.0,8.1,10.0,2400.0,90.0,6.1087,0.0755,0.0238,733.0,23.301721367536775,FC,OCRBR5010M1,OCRBR5010M1-210615,LÓTICO,2015-06-17,2015
104.2,2.0,10.0,7.8,14.0,11000.0,140.0,5.6237,0.0647,0.0073,708.0,22.40082273421275,FC,OCRBR5010M1,OCRBR5010M1-260715,LÓTICO,2015-07-21,2015
101.3,2.0,10.0,8.1,27.0,11000.0,1500.0,5.5734,0.1344,0.0015,691.0,21.10298701491179,FC,OCRBR5010M1,OCRBR5010M1-060915,LÓTICO,2015-08-28,2015
99.9,2.0,10.0,7.9,10.0,2400.0,230.0,5.711355,0.03174,0.002221,820.0,22.752880461811344,FC,OCRBR5010M1,OCRBR5010M1-280216,LÓTICO,2016-02-22,2016
112.8,2.0,10.0,8.1,10.67,930.0,30.0,6.65846,0.12968,0.11722,316.01,82.83603201663146,A,OCRBR5010M2,OCRBR5010M2-040617,LÓTICO,2017-05-31,2017
79.5,2.0,10.0,7.6,10.0,430.0,430.0,7.87125,0.098618,0.04092,300.19,78.79593374387218,A,OCRBR5010M2,OCRBR5010M2-160717,LÓTICO,2017-07-11,2017
65.1,2.0,10.0,7.5,10.0,4600.0,930.0,4.91605,0.13793,0.05102,322.04,72.45256270542944,A,OCRBR5010M2,OCRBR5010M2-270817,LÓTICO,2017-08-23,2017
81.1,2.0,17.65,7.7,82.33,4600.0,4600.0,1.64878,0.47333,0.15298,144.25,71.87009581259173,A,OCRBR5010M2,OCRBR5010M2-011017,LÓTICO,2017-09-28,2017
97.8,2.0,10.0,7.4,10.0,90.0,30.0,9.05675,0.04811,0.04191,332.22,88.52003983478455,A,OCRBR5010M2,OCRBR5010M2-140118,LÓTICO,2018-01-11,2018
95.8,2.0,10.0,7.5,10.0,230.0,230.0,10.510098,0.033393,0.16787,414.967,75.95100896644996,A,OCRBR5010M2,OCRBR5010M2-250218,LÓTICO,2018-02-21,2018
108.1,2.0,10.0,8.2,10.0,230.0,230.0,6.819992,0.050671,0.10933,319.57,79.62575197996748,A,OCRBR5010M2,OCRBR5010M2-141018,LÓTICO,2018-10-12,2018
110.8,2.0,10.0,8.3,10.0,30.0,30.0,9.557527,0.024185,0.0881,325.442,86.37128024261284,A,OCRBR5010M2,OCRBR5010M2-251118,LÓTICO,2018-11-20,2018
98.7,2.0,10.0,8.2,10.0,30.0,30.0,8.45684,0.03134,0.06692,344.86,87.31001531957276,A,OCRBR5010M2,OCRBR5010M2-270119,LÓTICO,2019-01-22,2019
130.1,2.0,10.0,8.3,10.0,430.0,1918.0,4.90296,0.030182,0.10362,247.4,75.49555654963292,A,OCRBR5010M2,OCRBR5010M2-270920,LÓTICO,2020-09-24,2020
99.2,2.0,14.0,7.9,14.0,4600.0,930.0,7.6341,0.4849,0.1692,1497.0,20.455943610216007,FC,OCRBR5016M1,OCRBR5016M1-210615,LÓTICO,2015-06-15,2015
103.3,2.0,10.0,7.8,15.0,4600.0,230.0,8.1014,0.1282,0.0235,1406.0,22.17940668816733,FC,OCRBR5016M1,OCRBR5016M1-060915,LÓTICO,2015-08-28,2015
114.2,2.0,23.0,8.2,10.0,2400.0,430.0,10.952402,0.061787,0.039143,1267.0,21.441428333277333,FC,OCRBR5016M1,OCRBR5016M1-280216,LÓTICO,2016-02-25,2016
92.4,2.0,14.0,7.8,10.0,930.0,930.0,8.056467,0.168234,0.061321,1200.0,21.548192916456042,FC,OCRBR5016M1,OCRBR5016M1-170416,LÓTICO,2016-04-12,2016
97.5,2.0,10.0,8.2,11.0,930.0,430.0,2.994051,0.120119,0.006573,1357.44,22.635094710372258,FC,OCRBR5016M1,OCRBR5016M1-260616,LÓTICO,2016-06-23,2016
92.7,2.0,10.0,7.4,10.0,11000.0,4600.0,5.501363,0.127784,0.0413,883.88,20.43607394260185,FC,OCRBR5016M1,OCRBR5016M1-040916,LÓTICO,2016-09-04,2016
104.9,2.55,16.0,7.4,15.0,2400.0,40.0,4.72282,0.72282,0.29166,1487.01,21.6880088799155,FC,OCRBR5016M1,OCRBR5016M1-260217,LÓTICO,2017-02-22,2017
123.0,2.0,13.75,8.0,10.0,4600.0,430.0,5.43767,0.11965,0.06184,1103.22,21.346180693343666,FC,OCRBR5016M1,OCRBR5016M1-240917,LÓTICO,2017-09-18,2017
104.1,2.0,16.35,7.7,10.67,11000.0,1500.0,4.4136,0.197819,0.03248,1413.126,21.055998901392673,FC,OCRBR5016M1,OCRBR5016M1-100618,LÓTICO,2018-06-08,2018
64.0,2.0,10.0,7.47,10.0,2400.0,5.0,7.61,0.04,0.05094,360.0,78.4949975156967,A,OCRBR5019M1,OCRBR5019M1-281012,SUBTERRÁNEO,2012-11-14,2012
64.0,2.0,10.0,7.5,10.0,2400.0,3.0,4.097562,0.07064,0.05094,300.09,80.36310568162708,A,OCRBR5019M1,OCRBR5019M1-260616,SUBTERRÁNEO,2016-06-24,2016
75.0,2.0,10.0,6.89,10.0,2400.0,3.0,9.18,0.03,0.05094,380.0,79.12480177287685,A,OCRBR5020M1,OCRBR5020M1-281012,SUBTERRÁNEO,2012-11-14,2012
75.0,2.0,10.0,6.37,10.0,2400.0,3.0,10.2046,0.025,0.05094,382.0,77.32689625574965,A,OCRBR5020M1,OCRBR5020M1-140713,SUBTERRÁNEO,2013-07-11,2013
75.0,2.0,10.0,7.1,10.0,2400.0,30.0,9.396,0.019,0.05094,366.0,79.25862804918197,A,OCRBR5020M1,OCRBR5020M1-110514,SUBTERRÁNEO,2014-06-02,2014
75.0,2.0,10.0,7.2,10.0,2400.0,3.0,9.1292,0.1462,0.05094,353.0,80.2933768221219,A,OCRBR5020M1,OCRBR5020M1-260715,SUBTERRÁNEO,2015-07-15,2015
75.0,2.0,10.0,6.9,10.0,2400.0,3.0,6.512114,0.13534,0.05094,382.66,79.55981051278016,A,OCRBR5020M1,OCRBR5020M1-260616,SUBTERRÁNEO,2016-06-24,2016
75.0,2.0,10.0,7.3,10.0,2400.0,3.0,9.9365,0.01849,0.05094,419.1726,78.589170028744,A,OCRBR5020M1,OCRBR5020M1-060817,SUBTERRÁNEO,2017-10-20,2017
75.0,2.0,10.0,7.0,10.0,2400.0,3.0,9.927492,0.128725,0.05094,410.0512,78.2517226766899,A,OCRBR5020M1,OCRBR5020M1-220418,SUBTERRÁNEO,2018-04-20,2018
75.0,2.0,10.0,7.1,10.0,2400.0,3.0,11.558749,0.126526,0.05094,411.1546,77.24905303523268,A,OCRBR5020M1,OCRBR5020M1-211018,SUBTERRÁNEO,2018-10-18,2018
68.0,2.0,10.0,7.06,10.0,2400.0,3.0,6.1649,0.0869,0.05094,360.0,79.2130804178747,A,OCRBR5022M1,OCRBR5022M1-281012,SUBTERRÁNEO,2012-11-22,2012
68.0,2.0,10.0,6.6,10.0,2400.0,3.0,7.1512,0.0232,0.05094,368.0,77.88983599727739,A,OCRBR5022M1,OCRBR5022M1-140713,SUBTERRÁNEO,2013-07-10,2013
68.0,2.0,10.0,7.0,10.0,2400.0,3.0,6.5366,0.0162,0.05094,347.0,79.33758580832641,A,OCRBR5022M1,OCRBR5022M1-100515,SUBTERRÁNEO,2015-05-07,2015
68.0,2.0,10.0,7.2,10.0,2400.0,4.0,6.04762,0.01487,0.05094,358.18,79.52238674869956,A,OCRBR5022M1,OCRBR5022M1-220516,SUBTERRÁNEO,2016-09-29,2016
68.0,2.0,10.0,7.1,10.0,2400.0,3.0,6.33404,0.01285,0.05094,369.5076,79.03213004239481,A,OCRBR5022M1,OCRBR5022M1-060817,SUBTERRÁNEO,2017-10-20,2017
68.0,2.0,10.0,7.2,10.0,2400.0,230.0,7.59952,0.068093,0.05094,369.5868,74.09623952259878,A,OCRBR5022M1,OCRBR5022M1-110318,SUBTERRÁNEO,2018-06-22,2018
68.0,2.0,10.0,7.5,10.0,2400.0,3.0,6.892903,0.085585,0.05094,370.251,79.27505617054513,A,OCRBR5022M1,OCRBR5022M1-041118,SUBTERRÁNEO,2018-12-06,2018
105.2,2.0,24.0,8.0,10.0,11000.0,4600.0,7.7642,0.168,0.1645,474.0,65.90132621590872,LC,OCRBR5024M2,OCRBR5024M2-310515,LÓTICO,2015-05-27,2015
97.6,2.0,10.0,7.9,10.0,2400.0,2400.0,6.339492,0.839696,0.20689,503.5,66.1210695637475,LC,OCRBR5024M2,OCRBR5024M2-030716,LÓTICO,2016-06-29,2016
81.4,2.0,10.0,7.1,43.5,4600.0,4600.0,7.792656,0.604958,0.112859,480.19,64.92064533208908,LC,OCRBR5024M2,OCRBR5024M2-110916,LÓTICO,2016-09-11,2016
103.2,2.0,12.16,8.1,10.0,1500.0,930.0,7.0336,0.2424,0.21552,555.93,64.70530545082678,LC,OCRBR5024M2,OCRBR5024M2-050317,LÓTICO,2017-02-28,2017
101.8,2.0,18.01,7.6,10.0,2400.0,930.0,6.390795,1.656048,0.32166,541.86,61.24647719110485,LC,OCRBR5024M2,OCRBR5024M2-090717,LÓTICO,2017-07-06,2017
99.1,2.0,18.58,8.1,10.0,24000.0,4600.0,12.417948,1.765914,0.31902,531.255,52.321925607248744,LC,OCRBR5024M2,OCRBR5024M2-211018,LÓTICO,2018-10-15,2018
126.07,2.0,10.0,7.98,10.0,2400.0,2400.0,8.2329,0.6619,0.2101,486.0,65.03750116298718,LC,OCRBR5025M1,OCRBR5025M1-281012,LÓTICO,2012-10-25,2012
98.7,2.0,10.0,7.56,10.0,2400.0,2400.0,8.7599,0.27,0.16,488.0,69.55918267813651,LC,OCRBR5025M1,OCRBR5025M1-251112,LÓTICO,2012-11-23,2012
104.2,2.0,10.0,7.51,10.0,2400.0,2400.0,11.8952,0.1663,0.025,500.0,70.48980247963337,A,OCRBR5025M1,OCRBR5025M1-161212,LÓTICO,2012-12-13,2012
102.2,2.0,23.0,8.5,36.0,24000.0,11000.0,9.0697,0.3408,0.0181,461.0,61.22893591183002,LC,OCRBR5025M1,OCRBR5025M1-310515,LÓTICO,2015-05-27,2015
108.8,2.0,18.0,7.5,16.0,24000.0,2100.0,9.432507,0.136993,0.073241,413.0,67.73190404124685,LC,OCRBR5025M1,OCRBR5025M1-060316,LÓTICO,2016-03-01,2016
99.2,2.51,10.0,8.1,31.0,24000.0,1500.0,5.789408,0.3447,0.056674,396.76,67.95416445845329,LC,OCRBR5025M1,OCRBR5025M1-030716,LÓTICO,2016-06-29,2016
92.3,2.0,10.0,7.8,10.0,4600.0,2400.0,10.472415,0.098857,0.030537,410.86,73.12378009064773,A,OCRBR5025M1,OCRBR5025M1-290516,LÓTICO,2016-10-13,2016
99.8,2.0,15.44,7.3,28.3,11000.0,930.0,6.93625,0.40478,0.068,414.03,72.20607706190977,A,OCRBR5025M1,OCRBR5025M1-050317,LÓTICO,2017-02-28,2017
105.4,2.0,10.0,7.8,10.0,24000.0,11000.0,6.36217,0.432831,0.02245,443.68,63.393124157133954,LC,OCRBR5025M1,OCRBR5025M1-090717,LÓTICO,2017-07-06,2017
83.3,2.0,12.77,7.6,34.5,24000.0,11000.0,7.489494,0.517214,0.22515,468.583,56.845591913826674,LC,OCRBR5025M1,OCRBR5025M1-250318,LÓTICO,2018-03-26,2018
116.2,2.0,10.0,7.97,10.0,2400.0,2400.0,9.2216,0.1468,0.175221,536.0,65.5405180946291,LC,OCRBR5031M1,OCRBR5031M1-281012,LÓTICO,2012-11-25,2012
119.1,2.0,14.0,8.1,10.0,2400.0,930.0,10.8677,0.1628,0.228,547.0,63.53569507837497,LC,OCRBR5031M1,OCRBR5031M1-150215,LÓTICO,2015-02-11,2015
105.4,2.0,10.0,7.7,11.0,2400.0,930.0,9.1009,0.1285,0.1711,481.74,70.48463676838192,A,OCRBR5031M1,OCRBR5031M1-260415,LÓTICO,2015-04-28,2015
127.7,2.0,10.0,8.4,10.0,2400.0,930.0,9.3305,0.0306,0.0021,511.0,69.33274147335946,LC,OCRBR5031M1,OCRBR5031M1-310515,LÓTICO,2015-05-29,2015
99.5,2.0,15.0,7.8,10.0,2400.0,2400.0,14.682398,0.292925,0.272559,578.0,55.88997065609199,LC,OCRBR5031M1,OCRBR5031M1-060316,LÓTICO,2016-02-29,2016
117.3,2.0,10.0,8.2,10.0,2400.0,2400.0,6.631882,0.124582,0.143553,538.48,66.16474978510628,LC,OCRBR5031M1,OCRBR5031M1-290516,LÓTICO,2016-05-24,2016
97.2,2.0,10.0,7.8,10.0,4600.0,930.0,7.02896,0.081017,0.11126,535.0,68.3108021619,LC,OCRBR5031M1,OCRBR5031M1-070816,LÓTICO,2016-08-01,2016
99.9,2.0,10.0,7.8,10.0,24000.0,1500.0,7.306164,0.131286,0.09846,517.31,64.13799535699818,LC,OCRBR5031M1,OCRBR5031M1-090717,LÓTICO,2017-07-03,2017
96.6,2.0,15.49,7.9,10.0,4600.0,930.0,10.029065,0.171137,0.15413,539.32,66.192099343893,LC,OCRBR5031M1,OCRBR5031M1-200817,LÓTICO,2017-08-14,2017
103.3,2.0,11.44,7.5,10.0,4600.0,4600.0,9.54214,0.18527,0.32212,494.79,64.29692752755454,LC,OCRBR5031M1,OCRBR5031M1-011017,LÓTICO,2017-09-25,2017
93.6,2.0,10.0,7.8,10.0,4600.0,930.0,15.01303,0.36643,0.25455,567.622,56.884570743141126,LC,OCRBR5031M1,OCRBR5031M1-140118,LÓTICO,2018-01-10,2018
103.6,2.0,13.96,7.9,17.0,11000.0,11000.0,10.949449,0.352916,0.28386,603.221,17.71925705660487,EC,OCRBR5031M1,OCRBR5031M1-010418,LÓTICO,2018-04-06,2018
103.3,2.0,10.0,8.1,10.0,4600.0,230.0,7.283131,0.1336,0.12616,538.875,68.93383712235665,LC,OCRBR5031M1,OCRBR5031M1-200518,LÓTICO,2018-05-18,2018
102.9,2.0,10.0,8.0,10.0,2400.0,9208.0,9.004701,1.379511,0.28902,478.08,61.01379277433879,LC,OCRBR5031M1,OCRBR5031M1-130920,LÓTICO,2020-09-07,2020
96.1,2.0,10.0,7.8,10.0,430.0,430.0,10.53977,0.51157,0.18893,570.95,63.885613338431284,LC,OCRBR5032M1,OCRBR5032M1-160417,LÓTICO,2017-04-06,2017
96.7,2.0,15.04,7.7,10.0,11000.0,1500.0,7.623239,0.10355,0.06557,505.98,68.73598581171281,LC,OCRBR5032M1,OCRBR5032M1-090717,LÓTICO,2017-07-03,2017
97.7,2.0,12.67,7.8,10.0,11000.0,930.0,11.502495,0.181119,0.15283,550.96,62.89509344888774,LC,OCRBR5032M1,OCRBR5032M1-200817,LÓTICO,2017-08-14,2017
98.7,2.0,14.28,8.2,10.0,930.0,230.0,9.016043,1.395595,0.76003,570.353,53.209847846731854,LC,OCRBR5032M1,OCRBR5032M1-010418,LÓTICO,2018-04-06,2018
79.6,2.0,15.04,8.0,10.0,2400.0,4884.0,8.277239,1.055823,0.65655,438.24,57.08090350643054,LC,OCRBR5032M1,OCRBR5032M1-130920,LÓTICO,2020-09-07,2020
99.6,2.0,10.0,6.66,14.0,2400.0,3.0,8.0761,0.0917,0.05094,1090.0,23.442097920008965,FC,OCRBR5033M1,OCRBR5033M1-281012,SUBTERRÁNEO,2012-11-22,2012
99.6,2.0,10.0,6.68,14.0,2400.0,750.0,8.0007,0.011,0.05094,990.0,21.62795878128973,FC,OCRBR5033M1,OCRBR5033M1-140713,SUBTERRÁNEO,2013-07-10,2013
99.6,2.0,10.0,7.3,14.0,2400.0,3.0,7.3137,0.0266,0.05094,339.0,85.30540260409049,A,OCRBR5033M1,OCRBR5033M1-100515,SUBTERRÁNEO,2015-05-07,2015
99.6,2.0,10.0,7.1,14.0,2400.0,3.0,8.076747,0.025623,0.05094,1231.36,23.714071909791052,FC,OCRBR5033M1,OCRBR5033M1-060817,SUBTERRÁNEO,2017-08-09,2017
99.6,2.0,10.0,6.6,14.0,2400.0,3.0,7.46235,0.008842,0.05094,1367.652,23.44292382987016,FC,OCRBR5033M1,OCRBR5033M1-110318,SUBTERRÁNEO,2018-07-26,2018
99.6,2.0,10.0,6.8,14.0,2400.0,49.0,11.3569,0.05685,0.05094,816.0,22.8073283335956,FC,OCRBR5034M1,OCRBR5034M1-281012,SUBTERRÁNEO,2012-11-05,2012
99.6,2.0,10.0,7.1,14.0,2400.0,30.0,8.9927,0.0818,0.05094,1123.0,23.475459182816397,FC,OCRBR5034M1,OCRBR5034M1-220215,SUBTERRÁNEO,2015-03-27,2015
99.6,2.0,10.0,7.5,14.0,2400.0,150.0,7.0312,0.217033,0.05094,995.81,22.75277074710726,FC,OCRBR5034M1,OCRBR5034M1-010516,SUBTERRÁNEO,2016-09-28,2016
99.6,2.0,10.0,7.3,14.0,2400.0,7.0,10.33226,0.12499,0.05094,948.672,23.568288689599107,FC,OCRBR5034M1,OCRBR5034M1-250617,SUBTERRÁNEO,2017-06-19,2017
99.6,2.0,10.0,7.4,14.0,2400.0,3.0,13.20161,0.00403,0.05094,1271.928,22.910854279189437,FC,OCRBR5034M1,OCRBR5034M1-140118,SUBTERRÁNEO,2018-01-12,2018
99.6,2.0,10.0,7.2,14.0,2400.0,3.0,13.739605,0.073587,0.05094,1444.8216,22.630554514474596,FC,OCRBR5034M1,OCRBR5034M1-041118,SUBTERRÁNEO,2018-10-31,2018
122.4,2.0,15.0,8.1,10.0,930.0,230.0,6.390264,0.859692,0.350866,876.0,19.508675055064288,EC,OCRBR5035M2,OCRBR5035M2-280216,LÓTICO,2016-02-24,2016
105.6,2.0,16.0,7.8,40.0,930.0,150.0,6.840376,1.409717,0.458133,875.0,19.134897868345313,EC,OCRBR5035M2,OCRBR5035M2-170416,LÓTICO,2016-04-13,2016
95.4,2.0,10.0,8.2,27.0,2400.0,430.0,2.602959,0.371705,0.116003,677.35,21.390958317373812,FC,OCRBR5035M2,OCRBR5035M2-260616,LÓTICO,2016-06-23,2016
91.8,2.0,11.6,7.5,35.3,4600.0,30.0,4.45227,0.40923,0.2662,975.79,21.55748643475463,FC,OCRBR5035M2,OCRBR5035M2-260217,LÓTICO,2017-02-21,2017
95.8,2.0,19.29,7.5,41.7,230.0,230.0,5.90309,0.15983,0.84505,801.75,17.900879713791024,EC,OCRBR5035M2,OCRBR5035M2-210517,LÓTICO,2017-05-15,2017
102.4,2.0,11.44,8.0,15.0,930.0,930.0,9.804482,0.235994,0.36358,1081.414,19.670716978972887,EC,OCRBR5035M2,OCRBR5035M2-110218,LÓTICO,2018-02-06,2018
97.1,2.0,10.0,8.0,28.67,430.0,430.0,4.8378,0.124922,0.5332,972.922,19.65042247506576,EC,OCRBR5035M2,OCRBR5035M2-250318,LÓTICO,2018-03-21,2018
99.0,2.0,10.0,7.9,66.0,4600.0,4600.0,5.1373,1.380941,0.36493,1097.927,17.735021723265852,EC,OCRBR5035M2,OCRBR5035M2-060518,LÓTICO,2018-05-03,2018
101.5,2.0,10.0,7.0,78.0,24000.0,11000.0,8.06335,3.17656,0.12565,1038.59,15.818301740739454,EC,OCRBR5035M2,OCRBR5035M2-200119,LÓTICO,2019-01-17,2019
115.2,2.0,11.8,8.2,22.2,4600.0,4884.0,5.521853,0.113454,0.04746,744.075,20.495280196900097,FC,OCRBR5035M2,OCRBR5035M2-160820,LÓTICO,2020-08-18,2020
66.0,2.0,10.0,8.01,16.0,2400.0,2400.0,9.8709,0.614,0.3946,718.0,17.467349034357813,EC,OCRBR5036M1,OCRBR5036M1-281012,LÓTICO,2012-11-25,2012
89.2,2.0,20.0,7.6,34.0,24000.0,4600.0,0.997,0.413,0.257,153.0,67.49232957872297,LC,OCRBR5036M1,OCRBR5036M1-070914,LÓTICO,2014-09-05,2014
95.7,2.0,10.88,8.2,16.0,4600.0,4600.0,9.38126,0.19512,0.04529,687.47,20.4215557925426,FC,OCRBR5036M1,OCRBR5036M1-090417,LÓTICO,2017-04-03,2017
94.9,2.0,18.01,8.2,10.0,11000.0,4600.0,6.59931,0.16431,0.50982,624.67,17.683156168069786,EC,OCRBR5036M1,OCRBR5036M1-210517,LÓTICO,2017-05-15,2017
56.9,2.0,35.53,7.6,18.33,2400.0,930.0,2.455638,0.568341,0.5576,444.26,58.25668987569099,LC,OCRBR5036M1,OCRBR5036M1-130817,LÓTICO,2017-08-11,2017
72.2,2.0,17.98,7.9,10.0,2400.0,210.0,4.50949,0.26023,0.46181,578.85,55.89120786249972,LC,OCRBR5036M1,OCRBR5036M1-240917,LÓTICO,2017-09-19,2017
99.7,2.0,10.0,8.1,10.0,2400.0,1100.0,5.1855,0.0176,0.0061,336.0,78.81091843476985,A,OCRBR5038M1,OCRBR5038M1-041112,LÓTICO,2012-11-27,2012
105.7,2.0,10.0,7.8,10.0,4600.0,1500.0,2.357,0.119,0.005,267.0,80.05059972578609,A,OCRBR5038M1,OCRBR5038M1-261014,LÓTICO,2014-10-15,2014
99.6,2.0,10.0,7.4,10.0,11000.0,2400.0,3.1506,0.1748,0.0323,305.0,76.24467465387937,A,OCRBR5038M1,OCRBR5038M1-010315,LÓTICO,2015-02-27,2015
117.3,2.0,12.0,8.5,10.0,2400.0,2400.0,2.312,0.0896,0.0177,239.0,78.86417042921671,A,OCRBR5038M1,OCRBR5038M1-020815,LÓTICO,2015-07-28,2015
108.9,2.0,10.0,8.4,10.0,930.0,90.0,2.7165,0.1382,0.0181,305.0,84.45108478512759,A,OCRBR5038M1,OCRBR5038M1-060915,LÓTICO,2015-09-01,2015
100.4,2.0,10.0,7.9,10.0,24000.0,1200.0,6.484165,0.074296,0.034433,447.0,68.53490613741526,LC,OCRBR5038M1,OCRBR5038M1-060316,LÓTICO,2016-02-29,2016
114.6,2.0,10.0,8.1,10.0,4600.0,4600.0,3.788879,0.101822,0.018075,362.95,74.36916640322457,A,OCRBR5038M1,OCRBR5038M1-240416,LÓTICO,2016-04-22,2016
101.5,2.0,10.0,7.0,10.0,11000.0,2400.0,3.783815,0.112228,0.041444,308.98,75.23874938161575,A,OCRBR5038M1,OCRBR5038M1-110916,LÓTICO,2016-09-11,2016
124.5,2.0,10.0,8.3,10.0,750.0,40.0,4.26929,0.1432,0.03196,351.83,82.60347687467346,A,OCRBR5038M1,OCRBR5038M1-050317,LÓTICO,2017-02-28,2017
124.2,2.0,10.0,8.3,10.0,11000.0,2100.0,5.498552,0.107352,0.06389,345.5,71.4336879897133,A,OCRBR5038M1,OCRBR5038M1-090717,LÓTICO,2017-07-05,2017
122.8,2.0,10.0,8.2,10.0,2400.0,930.0,5.471735,0.077141,0.04548,351.14,75.63809646843467,A,OCRBR5038M1,OCRBR5038M1-200817,LÓTICO,2017-08-14,2017
124.2,2.0,10.0,8.4,10.0,2400.0,2400.0,6.02028,0.16984,0.08568,336.23,73.26475682306746,A,OCRBR5038M1,OCRBR5038M1-011017,LÓTICO,2017-09-25,2017
108.7,2.0,10.0,8.3,10.0,2400.0,930.0,8.14036,0.11936,0.05376,358.798,75.77422528361916,A,OCRBR5038M1,OCRBR5038M1-140118,LÓTICO,2018-01-10,2018
102.3,2.0,10.0,7.4,10.0,4600.0,1500.0,4.762776,0.029456,0.05776,384.278,76.1321125546739,A,OCRBR5038M1,OCRBR5038M1-250318,LÓTICO,2018-03-27,2018
108.2,2.0,10.0,8.56,10.0,2400.0,460.0,5.6431,0.2081,0.115,380.0,75.01644292545059,A,OCRBR5039M1,OCRBR5039M1-231212,LÓTICO,2013-01-28,2013
90.1,2.0,10.0,7.92,10.0,24000.0,4600.0,0.04,0.0035,0.073,388.0,67.44910411271069,LC,OCRBR5039M1,OCRBR5039M1-201013,LÓTICO,2013-10-17,2013
98.4,2.0,10.0,8.2,10.0,2400.0,2400.0,2.396,0.042,0.005,257.0,80.10699023753675,A,OCRBR5039M1,OCRBR5039M1-261014,LÓTICO,2014-10-15,2014
98.8,2.0,10.0,7.7,10.0,4600.0,2400.0,4.4494,0.3917,0.108,309.0,75.07732205568571,A,OCRBR5039M1,OCRBR5039M1-010315,LÓTICO,2015-02-27,2015
99.7,2.0,10.0,8.3,10.0,430.0,90.0,5.6937,0.0761,0.0225,311.0,85.27503503383753,A,OCRBR5039M1,OCRBR5039M1-060915,LÓTICO,2015-09-01,2015
110.2,2.0,10.0,8.1,10.0,11000.0,2400.0,2.559088,0.171912,0.089065,352.45,72.68264066535968,A,OCRBR5039M1,OCRBR5039M1-030716,LÓTICO,2016-07-01,2016
103.2,2.0,10.0,7.3,10.0,4600.0,4600.0,3.126336,0.08562,0.029365,310.94,76.68074002023315,A,OCRBR5039M1,OCRBR5039M1-110916,LÓTICO,2016-09-11,2016
122.7,2.0,10.0,8.0,10.0,4600.0,430.0,5.47318,0.21049,0.15478,373.21,73.47762104199296,A,OCRBR5039M1,OCRBR5039M1-050317,LÓTICO,2017-02-28,2017
104.5,2.0,10.0,7.5,10.0,4600.0,4600.0,6.53478,0.20133,0.10266,381.578,72.71714188047747,A,OCRBR5039M1,OCRBR5039M1-140118,LÓTICO,2018-01-11,2018
100.3,2.0,10.0,7.9,10.0,2400.0,2400.0,8.12439,0.089981,0.14732,411.07,72.7316885249027,A,OCRBR5039M1,OCRBR5039M1-250218,LÓTICO,2018-02-21,2018
133.1,2.0,10.0,8.4,10.0,24000.0,4600.0,6.4842,0.955614,0.0529,399.31,60.885229875442,LC,OCRBR5039M1,OCRBR5039M1-200518,LÓTICO,2018-05-16,2018
91.0,2.0,10.0,8.2,10.0,11000.0,4600.0,5.383732,0.118303,0.13709,364.388,69.36873312249044,LC,OCRBR5039M1,OCRBR5039M1-141018,LÓTICO,2018-10-12,2018
130.2,2.0,10.0,8.3,10.0,4600.0,462.0,4.999289,0.014649,0.06461,265.213,75.59643804599551,A,OCRBR5039M1,OCRBR5039M1-041020,LÓTICO,2020-10-02,2020
99.8,2.0,18.0,7.4,10.0,4600.0,230.0,2.562,0.069,0.011,250.0,83.67926526444779,A,OCRBR5040M1,OCRBR5040M1-060414,LÓTICO,2014-04-03,2014
97.7,2.2,10.0,8.1,10.0,2400.0,930.0,2.469,0.104,0.006,253.0,81.31142266590501,A,OCRBR5040M1,OCRBR5040M1-261014,LÓTICO,2014-10-15,2014
99.2,2.0,10.0,7.6,10.0,4600.0,1500.0,3.0026,0.1658,0.0284,294.0,78.81517535017473,A,OCRBR5040M1,OCRBR5040M1-010315,LÓTICO,2015-02-27,2015
116.4,2.0,10.0,8.5,10.0,230.0,230.0,2.2445,0.1504,0.0198,283.0,82.40276227155506,A,OCRBR5040M1,OCRBR5040M1-020815,LÓTICO,2015-07-28,2015
114.7,2.0,10.0,8.2,10.0,930.0,110.0,2.7631,0.0919,0.02,308.0,83.92700022358181,A,OCRBR5040M1,OCRBR5040M1-060915,LÓTICO,2015-09-01,2015
99.6,2.0,10.0,7.5,10.0,11000.0,930.0,6.631301,0.058907,0.025365,358.0,75.91403084722499,A,OCRBR5040M1,OCRBR5040M1-060316,LÓTICO,2016-02-29,2016
109.2,2.0,10.0,8.2,10.0,4600.0,1500.0,2.155757,0.068366,0.013244,334.89,77.51075414927564,A,OCRBR5040M1,OCRBR5040M1-070816,LÓTICO,2016-08-04,2016
100.2,2.0,10.0,7.1,10.0,2400.0,2400.0,4.586,0.132928,0.028931,312.91,78.40332441479151,A,OCRBR5040M1,OCRBR5040M1-110916,LÓTICO,2016-09-11,2016
130.5,2.0,10.0,8.1,10.0,24000.0,1500.0,3.79936,0.07257,0.02539,333.82,68.21409009950303,LC,OCRBR5040M1,OCRBR5040M1-160417,LÓTICO,2017-04-11,2017
124.4,2.0,10.0,7.9,10.0,750.0,750.0,2.820794,0.112,0.01268,319.07,79.2352429811702,A,OCRBR5040M1,OCRBR5040M1-090717,LÓTICO,2017-07-05,2017
105.5,2.0,10.0,7.8,10.0,4600.0,430.0,2.758533,0.089865,0.01119,331.74,80.18170881143261,A,OCRBR5040M1,OCRBR5040M1-200817,LÓTICO,2017-08-14,2017
130.0,2.0,10.0,8.1,10.0,430.0,430.0,4.52329,0.1456,0.03924,318.931,77.56880203491573,A,OCRBR5040M1,OCRBR5040M1-140118,LÓTICO,2018-01-10,2018
109.3,2.0,10.0,7.7,10.0,24000.0,11000.0,2.281199,0.067397,0.03388,341.405,66.82038965666929,LC,OCRBR5040M1,OCRBR5040M1-290418,LÓTICO,2018-04-27,2018
91.9,2.0,10.0,7.9,10.0,2400.0,2400.0,3.683592,0.09362,0.08584,309.566,76.23318092993063,A,OCRBR5040M1,OCRBR5040M1-211018,LÓTICO,2018-10-16,2018
119.7,2.0,10.0,8.3,10.0,930.0,430.0,4.368139,0.043284,0.03352,334.835,78.99299348462665,A,OCRBR5040M1,OCRBR5040M1-270119,LÓTICO,2019-01-24,2019
125.2,2.0,10.0,8.3,10.0,4600.0,960.0,2.846518,0.032251,0.04357,261.254,76.47899673883099,A,OCRBR5040M1,OCRBR5040M1-041020,LÓTICO,2020-10-02,2020
123.5,2.0,10.0,7.91,10.0,460.0,75.0,0.3998,0.235,0.0015,308.0,85.68136922999227,A,OCRBR5041M1,OCRBR5041M1-041112,LÓTICO,2012-11-27,2012
126.4,2.0,10.0,7.53,10.0,240.0,93.0,0.5123,0.0648,0.017,278.0,86.11820290726091,A,OCRBR5041M1,OCRBR5041M1-021212,LÓTICO,2013-01-15,2013
119.1,2.0,10.0,7.94,10.0,460.0,43.0,0.6039,0.0529,0.017,312.0,87.2134317143292,A,OCRBR5041M1,OCRBR5041M1-231212,LÓTICO,2013-01-28,2013
117.9,2.0,10.0,7.85,10.0,2400.0,240.0,0.031,0.0309,0.012,344.0,80.96896483111597,A,OCRBR5041M1,OCRBR5041M1-100313,LÓTICO,2013-03-08,2013
115.8,2.0,10.0,7.6,10.0,2400.0,460.0,0.2349,0.0035,0.005,302.0,81.99958993914603,A,OCRBR5041M1,OCRBR5041M1-230613,LÓTICO,2013-06-18,2013
96.9,2.0,29.68,7.32,10.0,11000.0,2400.0,0.567,0.048,0.0015,430.0,73.86648212441509,A,OCRBR5041M1,OCRBR5041M1-020314,LÓTICO,2014-02-24,2014
97.4,2.0,30.0,7.1,10.0,430.0,150.0,0.414,0.096,0.01,158.0,88.83916393713223,A,OCRBR5041M1,OCRBR5041M1-060414,LÓTICO,2014-04-03,2014
98.6,2.0,10.0,7.5,10.0,2400.0,2400.0,0.662,0.0905,0.0217,225.0,81.8487586719581,A,OCRBR5041M1,OCRBR5041M1-010315,LÓTICO,2015-02-27,2015
107.0,2.0,10.0,8.4,18.0,930.0,40.0,0.6333,0.0035,0.0227,245.59,87.91221741939256,A,OCRBR5041M1,OCRBR5041M1-120415,LÓTICO,2015-04-10,2015
109.6,2.0,10.0,8.4,10.0,2400.0,930.0,0.2821,0.032,0.0045,252.0,81.00198415790605,A,OCRBR5041M1,OCRBR5041M1-060915,LÓTICO,2015-09-01,2015
95.2,2.0,10.0,7.5,10.0,4600.0,1500.0,0.452338,0.097966,0.008122,318.59,79.3837866951025,A,OCRBR5041M1,OCRBR5041M1-240416,LÓTICO,2016-04-22,2016
99.7,2.0,10.0,7.2,10.0,4600.0,1500.0,3.978401,0.088982,0.029071,312.91,78.45979201998227,A,OCRBR5041M1,OCRBR5041M1-110916,LÓTICO,2016-09-11,2016
106.2,2.0,10.0,8.3,10.0,230.0,40.0,0.55966,0.08479,0.00867,213.82,90.649253757443,E,OCRBR5041M1,OCRBR5041M1-050317,LÓTICO,2017-02-28,2017
86.9,2.0,10.0,7.8,10.0,11000.0,1500.0,0.41231,0.05113,0.00867,252.98,77.39937661374697,A,OCRBR5041M1,OCRBR5041M1-280517,LÓTICO,2017-05-22,2017
79.8,2.0,10.0,7.5,10.0,930.0,230.0,0.444318,0.074205,0.00753,269.98,82.00979416997995,A,OCRBR5041M1,OCRBR5041M1-090717,LÓTICO,2017-07-05,2017
78.2,2.0,10.0,7.5,10.0,4600.0,430.0,0.386062,0.072115,0.00696,306.52,78.80521137685547,A,OCRBR5041M1,OCRBR5041M1-200817,LÓTICO,2017-08-14,2017
82.2,2.0,10.0,7.4,10.0,4600.0,280.0,1.98646,0.08954,0.37649,309.48,71.20921624870552,A,OCRBR5041M1,OCRBR5041M1-011017,LÓTICO,2017-09-25,2017
97.0,2.0,10.0,7.8,10.0,4600.0,4600.0,0.69805,0.10715,0.00606,239.198,79.04535363990902,A,OCRBR5041M1,OCRBR5041M1-140118,LÓTICO,2018-01-10,2018
89.7,2.0,10.0,7.7,10.0,430.0,430.0,0.348178,0.019054,0.01684,235.84,84.45465848616175,A,OCRBR5041M1,OCRBR5041M1-180218,LÓTICO,2018-02-13,2018
98.8,2.0,10.0,7.6,10.0,24000.0,230.0,0.58176,0.031922,0.03388,285.151,75.7704564161829,A,OCRBR5041M1,OCRBR5041M1-290418,LÓTICO,2018-04-27,2018
96.8,2.0,10.0,7.9,19.0,930.0,430.0,0.611563,0.028047,0.03644,241.661,83.3143993891741,A,OCRBR5041M1,OCRBR5041M1-211018,LÓTICO,2018-10-16,2018
98.9,2.0,10.0,7.0,10.0,230.0,90.0,0.487487,0.013842,0.01307,254.003,89.24030329179713,A,OCRBR5041M1,OCRBR5041M1-251118,LÓTICO,2018-11-21,2018
99.7,2.0,10.0,7.7,10.0,2400.0,430.0,0.368933,0.036226,0.01308,242.605,84.07802384341882,A,OCRBR5041M1,OCRBR5041M1-270119,LÓTICO,2019-01-24,2019
145.6,2.0,10.0,8.32,49.0,1100.0,240.0,9.7208,1.0244,0.4423,950.0,17.050896657710982,EC,OCRBR5045M1,OCRBR5045M1-041112,LÓTICO,2012-11-27,2012
84.3,2.0,11.84,8.3,34.5,930.0,90.0,10.0968,0.19608,0.75317,1030.21,18.288075759988853,EC,OCRBR5045M1,OCRBR5045M1-050317,LÓTICO,2017-03-02,2017
96.8,2.0,10.0,7.9,17.7,2100.0,1500.0,11.46096,0.51435,0.88439,1127.65,16.037161664203676,EC,OCRBR5045M1,OCRBR5045M1-140118,LÓTICO,2018-01-10,2018
119.1,2.0,15.9,8.0,10.0,2400.0,2400.0,6.146578,3.420657,1.14685,973.61,3.6143380883524796,EC,OCRBR5045M1,OCRBR5045M1-021218,LÓTICO,2018-11-26,2018
99.6,2.0,10.0,7.06,14.0,2400.0,3.0,14.5874,0.1137,0.05094,950.0,22.19491958752297,FC,OCRBR5046M1,OCRBR5046M1-281012,SUBTERRÁNEO,2012-11-14,2012
99.6,2.0,10.0,6.98,14.0,2400.0,4.0,10.9733,0.0988,0.05094,696.0,23.29346664614817,FC,OCRBR5046M1,OCRBR5046M1-070713,SUBTERRÁNEO,2013-06-28,2013
99.6,2.0,10.0,7.1,14.0,2400.0,30.0,12.413,0.098,0.05094,687.0,22.834669172493804,FC,OCRBR5046M1,OCRBR5046M1-160214,SUBTERRÁNEO,2014-10-14,2014
99.6,2.0,10.0,6.9,14.0,2400.0,3.0,8.685582,0.0353,0.05094,344.39,84.04049613209753,A,OCRBR5046M2,OCRBR5046M2-091016,SUBTERRÁNEO,2016-10-07,2016
99.6,2.0,10.0,6.5,14.0,2400.0,3.0,9.92253,0.05272,0.05094,352.226,82.6087542434228,A,OCRBR5046M2,OCRBR5046M2-140517,SUBTERRÁNEO,2017-05-11,2017
99.6,2.0,10.0,7.1,14.0,2400.0,4.0,7.047346,0.052003,0.05094,360.7662,84.43300296362521,A,OCRBR5046M2,OCRBR5046M2-290418,SUBTERRÁNEO,2018-04-24,2018
99.6,2.0,10.0,7.3,14.0,2400.0,3.0,6.273258,0.124156,0.05094,339.4936,85.425147108471,A,OCRBR5046M2,OCRBR5046M2-111118,SUBTERRÁNEO,2018-11-07,2018
99.6,2.0,10.0,7.8,14.0,2400.0,20.0,9.101861,0.022055,0.05094,351.0496,83.69484049178635,A,OCRBR5046M2,OCRBR5046M2-270920,SUBTERRÁNEO,2020-09-21,2020
121.0,2.0,26.0,8.3,59.0,2400.0,930.0,3.9849,0.148,0.7192,827.0,17.423394831624496,EC,OCRBR5048M1,OCRBR5048M1-240515,LÓTICO,2015-05-22,2015
102.8,2.0,16.0,8.4,68.0,230.0,90.0,0.0654,0.0874,0.0531,1082.0,23.10648097309064,FC,OCRBR5048M1,OCRBR5048M1-020815,LÓTICO,2015-08-06,2015
95.1,2.0,21.52,7.8,47.7,1500.0,230.0,11.31717,0.42741,1.02795,747.97,4.03138722762047,EC,OCRBR5048M1,OCRBR5048M1-140118,LÓTICO,2018-01-10,2018
124.8,2.0,29.05,8.2,48.7,2400.0,6867.0,5.468653,0.238961,1.34854,739.137,3.722083295968004,EC,OCRBR5048M1,OCRBR5048M1-160820,LÓTICO,2020-08-14,2020
99.6,2.0,10.0,7.8,13.0,2400.0,210.0,0.031,0.1329,0.0181,328.0,82.14180597871247,A,OCRBR5052M1,OCRBR5052M1-131013,LÉNTICO,2013-10-07,2013
99.6,2.0,10.0,7.8,42.0,2400.0,430.0,0.031,0.0774,0.013,166.0,84.58697161339967,A,OCRBR5052M1,OCRBR5052M1-310515,LÉNTICO,2015-06-04,2015
99.6,2.0,10.0,7.8,10.0,2400.0,30.0,0.073379,0.1057,0.006146,150.63,91.81047628249736,E,OCRBR5052M1,OCRBR5052M1-021218,LÉNTICO,2018-11-26,2018
99.6,2.0,10.0,7.8,11.33,2400.0,30.0,0.031,0.058488,0.041977,165.37,90.16568194407671,E,OCRBR5052M1,OCRBR5052M1-030219,LÉNTICO,2019-01-29,2019
115.7,2.0,23.0,8.6,106.0,24000.0,2400.0,8.994,0.045,1.258,743.0,3.462415683022053,EC,OCRBR5053M1,OCRBR5053M1-240814,LÓTICO,2014-10-15,2014
126.2,2.0,25.0,8.4,97.0,4600.0,230.0,10.9939,0.1642,1.2167,780.49,3.7848076659638568,EC,OCRBR5053M1,OCRBR5053M1-030515,LÓTICO,2015-04-29,2015
93.1,2.0,10.0,7.3,41.0,430.0,430.0,6.816312,0.143997,1.537219,739.65,4.223936744502026,EC,OCRBR5053M1,OCRBR5053M1-290516,LÓTICO,2016-05-25,2016
99.2,2.0,21.89,8.1,66.0,930.0,430.0,7.51122,0.06751,1.13719,882.27,4.11138257817696,EC,OCRBR5053M1,OCRBR5053M1-010418,LÓTICO,2018-03-26,2018
96.5,2.0,18.0,8.1,46.0,90.0,40.0,5.576,0.0648,0.4703,640.0,21.39177679395059,FC,OCRBR5055M1,OCRBR5055M1-230815,LÓTICO,2015-08-19,2015
105.9,2.75,10.0,8.2,13.0,430.0,230.0,2.868041,0.442381,0.383654,570.27,61.76158230542387,LC,OCRBR5055M1,OCRBR5055M1-030716,LÓTICO,2016-07-08,2016
93.1,2.0,26.66,7.2,99.0,4600.0,2400.0,8.34642,0.29775,1.43969,866.93,3.8208191671498053,EC,OCRBR5055M1,OCRBR5055M1-050317,LÓTICO,2017-03-06,2017
104.9,2.0,10.0,8.35,10.0,7.0,7.0,0.031,0.0292,0.0128,280.0,92.9179521269943,E,OCRBR5056M1,OCRBR5056M1-041112,LÓTICO,2012-11-28,2012
99.8,2.0,10.0,7.2,10.0,43.0,4.0,0.1434,0.0271,0.014,302.0,93.40719559812067,E,OCRBR5056M1,OCRBR5056M1-050513,LÓTICO,2013-05-02,2013
98.6,2.5,10.0,7.9,15.0,930.0,230.0,0.517,0.071,0.011,285.0,83.80384266438453,A,OCRBR5056M1,OCRBR5056M1-140914,LÓTICO,2014-09-08,2014
107.1,2.0,10.0,8.1,10.0,30.0,30.0,0.4404,0.1374,0.0113,246.0,93.25571776930973,E,OCRBR5056M1,OCRBR5056M1-080315,LÓTICO,2015-03-05,2015
108.7,2.0,10.0,8.5,10.0,24000.0,930.0,0.5689,0.1146,0.0734,284.48,71.38934053046218,A,OCRBR5056M1,OCRBR5056M1-120415,LÓTICO,2015-04-09,2015
103.2,2.0,11.0,7.9,10.0,930.0,930.0,1.8379,0.0659,0.0193,313.0,80.61976879878857,A,OCRBR5056M1,OCRBR5056M1-210615,LÓTICO,2015-06-16,2015
101.6,2.0,10.0,8.6,13.0,230.0,40.0,0.1028,0.1142,0.0037,202.0,90.41133847710701,E,OCRBR5056M1,OCRBR5056M1-060915,LÓTICO,2015-08-27,2015
112.4,2.0,18.0,7.2,12.0,430.0,30.0,0.329069,0.103036,0.037702,249.0,89.53568283544645,A,OCRBR5056M1,OCRBR5056M1-060316,LÓTICO,2016-03-03,2016
113.6,2.0,10.0,7.5,10.0,30.0,30.0,0.04907,0.060017,0.0015,237.94,94.62884664467533,E,OCRBR5056M1,OCRBR5056M1-240416,LÓTICO,2016-04-26,2016
103.0,2.0,10.0,8.2,10.0,40.0,40.0,0.031,0.161468,0.0015,229.62,93.58126654043282,E,OCRBR5056M1,OCRBR5056M1-290516,LÓTICO,2016-05-30,2016
115.6,2.0,10.0,8.2,10.0,30.0,30.0,0.031,0.094609,0.011586,231.61,92.99908954871002,E,OCRBR5056M1,OCRBR5056M1-030716,LÓTICO,2016-07-04,2016
100.8,2.67,10.0,7.0,10.0,430.0,40.0,0.031,0.067756,0.004994,234.09,91.10257892767507,E,OCRBR5056M1,OCRBR5056M1-070816,LÓTICO,2016-08-22,2016
93.9,2.0,10.0,7.2,13.0,11000.0,1500.0,0.2467,0.06108,0.02008,244.4,78.49868777102051,A,OCRBR5056M1,OCRBR5056M1-230417,LÓTICO,2017-04-18,2017
100.0,2.0,10.0,7.8,12.33,390.0,40.0,0.155542,0.055674,0.02179,241.66,90.54235615928734,E,OCRBR5056M1,OCRBR5056M1-090717,LÓTICO,2017-07-07,2017
103.7,2.0,10.0,7.9,30.67,1500.0,230.0,0.031,0.041951,0.00925,264.68,83.5558611580885,A,OCRBR5056M1,OCRBR5056M1-200817,LÓTICO,2017-08-07,2017
102.7,2.77,10.0,7.2,15.67,430.0,430.0,0.031,0.09791,0.00919,252.17,85.52793652885417,A,OCRBR5056M1,OCRBR5056M1-011017,LÓTICO,2017-09-22,2017
105.3,2.0,10.0,7.5,21.33,90.0,30.0,0.28331,0.05656,0.01588,275.268,92.57857992554982,E,OCRBR5056M1,OCRBR5056M1-140118,LÓTICO,2018-01-11,2018
102.8,2.0,10.5,8.3,13.67,230.0,230.0,0.358542,0.0662,0.03945,262.398,83.9096645673291,A,OCRBR5056M1,OCRBR5056M1-250218,LÓTICO,2018-02-26,2018
98.0,2.0,10.0,7.2,11.0,150.0,150.0,0.063474,0.031296,0.0015,255.209,89.16735676824727,A,OCRBR5056M1,OCRBR5056M1-010418,LÓTICO,2018-04-04,2018
107.0,2.0,10.0,8.2,18.7,230.0,90.0,0.2592,0.129457,0.0059,269.438,88.07474648860838,A,OCRBR5056M1,OCRBR5056M1-200518,LÓTICO,2018-05-16,2018
102.8,2.0,10.0,7.9,10.0,30.0,30.0,0.155975,0.130793,0.00967,244.321,94.02535284610875,E,OCRBR5056M1,OCRBR5056M1-021218,LÓTICO,2018-11-27,2018
100.7,2.0,10.0,8.2,10.0,30.0,30.0,0.133221,0.13007,0.0075,276.219,92.75389180244157,E,OCRBR5056M1,OCRBR5056M1-281018,LÓTICO,2018-12-18,2018
109.8,2.0,10.0,8.5,11.67,30.0,30.0,0.145018,0.058299,0.01955,251.647,91.94215044754698,E,OCRBR5056M1,OCRBR5056M1-030219,LÓTICO,2019-01-28,2019
121.8,2.0,10.0,8.8,10.0,230.0,9804.0,0.031,0.046837,0.01213,212.031,75.59968207249581,A,OCRBR5056M1,OCRBR5056M1-160820,LÓTICO,2020-08-12,2020
99.6,2.0,11.0,7.8,10.0,2400.0,40.0,0.5868,0.0207,0.018,214.0,89.61692489433588,A,OCRBR5057M1,OCRBR5057M1-061013,LÉNTICO,2013-10-04,2013
99.6,2.0,10.0,7.8,10.0,2400.0,30.0,0.2454,0.0946,0.018,208.0,90.0057810995576,E,OCRBR5057M1,OCRBR5057M1-120415,LÉNTICO,2015-05-08,2015
99.6,2.0,10.0,7.8,15.0,2400.0,30.0,0.092,0.1033,0.0066,200.0,90.56717938076113,E,OCRBR5057M1,OCRBR5057M1-160815,LÉNTICO,2015-08-21,2015
99.6,2.0,16.0,7.8,10.0,2400.0,30.0,0.069114,0.081898,0.012315,229.0,89.7184044454786,A,OCRBR5057M1,OCRBR5057M1-270316,LÉNTICO,2016-03-22,2016
99.6,2.0,10.0,7.8,10.0,2400.0,30.0,0.031,0.047951,0.00446,218.49,90.23290917255784,E,OCRBR5057M1,OCRBR5057M1-310716,LÉNTICO,2016-08-04,2016
99.6,2.0,12.56,7.8,10.0,2400.0,30.0,0.031,0.068213,0.001959,227.21,90.110742128054,E,OCRBR5057M1,OCRBR5057M1-020417,LÉNTICO,2017-03-30,2017
99.6,2.0,10.0,7.8,10.0,2400.0,150.0,0.031,0.060325,0.004944,231.19,86.62484823066835,A,OCRBR5057M1,OCRBR5057M1-011017,LÉNTICO,2017-09-28,2017
99.6,2.0,10.0,7.8,10.0,2400.0,230.0,0.060781,0.009945,0.009383,262.86,84.07539661173837,A,OCRBR5057M1,OCRBR5057M1-170618,LÉNTICO,2018-06-12,2018
99.6,2.0,10.0,7.8,10.0,2400.0,30.0,0.031,0.069302,0.033362,219.41,89.18777828841421,A,OCRBR5057M1,OCRBR5057M1-071018,LÉNTICO,2018-10-05,2018
99.6,2.0,10.0,7.8,10.0,2400.0,30.0,0.116987,0.072901,0.035115,247.65,88.43983925072975,A,OCRBR5057M1,OCRBR5057M1-170219,LÉNTICO,2019-02-14,2019
99.6,2.0,10.0,7.8,10.0,2400.0,829.0,0.031762,0.174393,0.009239,171.09,84.28149626679615,A,OCRBR5057M1,OCRBR5057M1-300820,LÉNTICO,2020-08-30,2020
99.6,2.0,10.0,7.8,35.0,2400.0,3.0,0.0368,0.0814,0.011,300.0,87.71045504217793,A,OCRBR5058M1,OCRBR5058M1-310313,LÉNTICO,2013-03-26,2013
99.6,2.8,10.0,7.8,10.0,2400.0,40.0,0.75,0.15,0.01,228.0,89.41560994134196,A,OCRBR5058M1,OCRBR5058M1-090214,LÉNTICO,2014-02-06,2014
99.6,2.0,10.0,7.8,12.0,2400.0,30.0,0.031,0.021279,0.004298,220.54,90.19058926242296,E,OCRBR5058M1,OCRBR5058M1-310716,LÉNTICO,2016-08-04,2016
99.6,2.0,13.52,7.8,10.0,2400.0,30.0,0.046613,0.092635,0.00216,231.1,90.0104256192208,E,OCRBR5058M1,OCRBR5058M1-020417,LÉNTICO,2017-03-30,2017
99.6,2.0,10.0,7.8,10.67,2400.0,30.0,0.031,0.057627,0.003046,229.22,90.02645796178331,E,OCRBR5058M1,OCRBR5058M1-011017,LÉNTICO,2017-09-28,2017
99.6,2.0,10.0,7.8,10.0,2400.0,40.0,0.031,0.09555,0.029873,223.4,88.9733324041972,A,OCRBR5058M1,OCRBR5058M1-071018,LÉNTICO,2018-10-05,2018
99.6,2.0,10.0,7.8,19.0,2400.0,30.0,0.134384,0.077268,0.070155,249.65,87.39973565300163,A,OCRBR5058M1,OCRBR5058M1-170219,LÉNTICO,2019-02-14,2019
99.6,2.0,10.0,7.8,10.0,2400.0,1267.0,0.031,0.037151,0.007992,177.06,83.70651533180684,A,OCRBR5058M1,OCRBR5058M1-300820,LÉNTICO,2020-08-30,2020
136.4,2.0,10.0,8.24,11.0,75.0,9.0,0.2373,0.0095,0.0176,284.0,85.66843638788174,A,OCRBR5059M1,OCRBR5059M1-041112,LÓTICO,2012-11-28,2012
109.8,2.0,10.0,8.16,14.0,3.0,3.0,0.5887,0.064,0.014,300.0,92.47304766106822,E,OCRBR5059M1,OCRBR5059M1-231212,LÓTICO,2013-01-24,2013
133.8,2.0,10.0,7.83,10.0,23.0,9.0,0.3165,0.0827,0.014,478.0,82.22707013719892,A,OCRBR5059M1,OCRBR5059M1-170313,LÓTICO,2013-03-11,2013
97.3,2.0,10.0,7.16,11.0,460.0,460.0,1.2601,0.0964,0.018,330.0,82.85732842555596,A,OCRBR5059M1,OCRBR5059M1-050513,LÓTICO,2013-05-02,2013
145.2,2.0,10.0,7.39,10.0,43.0,43.0,0.0732,0.0523,0.0018,326.0,84.74246850144971,A,OCRBR5059M1,OCRBR5059M1-070713,LÓTICO,2013-07-01,2013
119.9,2.0,10.0,7.3,10.0,230.0,230.0,1.627,0.075,0.0015,328.0,83.73110031529829,A,OCRBR5059M1,OCRBR5059M1-020214,LÓTICO,2014-02-14,2014
135.4,2.0,10.0,7.8,10.0,430.0,40.0,2.3568,0.1625,0.0624,345.0,80.29052795981386,A,OCRBR5059M1,OCRBR5059M1-080315,LÓTICO,2015-03-05,2015
109.2,2.0,10.0,8.5,30.0,2400.0,430.0,2.4592,0.0856,0.0481,337.69,77.96533078870794,A,OCRBR5059M1,OCRBR5059M1-120415,LÓTICO,2015-04-09,2015
109.3,2.0,18.0,8.8,91.0,11000.0,4600.0,1.3937,0.4059,0.1149,318.0,67.13207129872535,LC,OCRBR5059M1,OCRBR5059M1-240515,LÓTICO,2015-05-14,2015
104.7,2.0,10.0,7.5,23.0,430.0,430.0,1.7489,0.0696,0.0134,314.0,83.50293048192387,A,OCRBR5059M1,OCRBR5059M1-280615,LÓTICO,2015-06-16,2015
113.3,2.0,10.0,8.4,14.0,430.0,150.0,1.2799,0.0868,0.0024,329.0,83.91615233834771,A,OCRBR5059M1,OCRBR5059M1-060915,LÓTICO,2015-08-27,2015
103.7,2.0,12.0,7.2,10.0,230.0,90.0,0.745468,0.096244,0.0015,403.0,85.98178666803753,A,OCRBR5059M1,OCRBR5059M1-060316,LÓTICO,2016-03-03,2016
99.4,2.0,10.0,8.1,12.0,230.0,40.0,0.745511,0.045052,0.001472,284.31,89.72570283218248,A,OCRBR5059M1,OCRBR5059M1-240416,LÓTICO,2016-04-26,2016
103.2,2.29,10.0,7.8,12.0,150.0,40.0,0.058583,0.104298,0.0015,387.54,88.40850929513216,A,OCRBR5059M1,OCRBR5059M1-030716,LÓTICO,2016-07-14,2016
112.0,2.0,10.0,7.9,10.0,930.0,150.0,0.031,0.144603,0.066292,236.11,84.33175835821615,A,OCRBR5059M1,OCRBR5059M1-070816,LÓTICO,2016-08-22,2016
101.1,2.0,10.0,8.1,10.0,230.0,30.0,0.30696,0.06094,0.01891,293.51,89.10914274757721,A,OCRBR5059M1,OCRBR5059M1-050317,LÓTICO,2017-03-03,2017
99.8,2.0,19.29,8.2,21.3,930.0,430.0,1.62607,0.51108,0.04478,229.63,81.566509598343,A,OCRBR5059M1,OCRBR5059M1-280517,LÓTICO,2017-05-24,2017
94.2,2.0,10.0,7.7,17.67,430.0,40.0,0.13844,0.120209,0.02406,285.09,88.61945779677873,A,OCRBR5059M1,OCRBR5059M1-090717,LÓTICO,2017-07-07,2017
106.4,2.0,10.0,7.8,38.33,2400.0,90.0,0.093257,0.104,0.05364,329.9,82.95651818121884,A,OCRBR5059M1,OCRBR5059M1-200817,LÓTICO,2017-08-07,2017
99.5,2.0,10.0,7.9,14.0,90.0,90.0,0.0838,0.10756,0.01006,301.84,89.94665180426797,A,OCRBR5059M1,OCRBR5059M1-011017,LÓTICO,2017-09-22,2017
106.7,2.0,10.0,7.8,10.0,230.0,30.0,1.5861,0.03681,0.01859,356.899,87.60356809980848,A,OCRBR5059M1,OCRBR5059M1-140118,LÓTICO,2018-01-11,2018
104.80000000000001,2.0,10.0,7.3,10.0,90.0,90.0,1.149391,0.08816,0.07425,360.798,87.00929562048412,A,OCRBR5059M1,OCRBR5059M1-250218,LÓTICO,2018-02-26,2018
102.9,2.0,10.0,7.9,10.0,230.0,90.0,0.031,0.070174,0.00313,305.477,88.01047034270798,A,OCRBR5059M1,OCRBR5059M1-010418,LÓTICO,2018-04-04,2018
113.5,2.0,10.0,8.0,10.0,430.0,90.0,0.0447,0.114581,0.0035,228.731,88.88383237402138,A,OCRBR5059M1,OCRBR5059M1-200518,LÓTICO,2018-05-16,2018
108.3,2.0,10.0,8.3,10.0,335.0,1058.0,2.380139,0.045406,0.00465,299.222,80.97610109234428,A,OCRBR5059M1,OCRBR5059M1-160820,LÓTICO,2020-08-14,2020
104.0,2.0,10.0,8.19,11.0,210.0,93.0,0.031,0.0114,0.0144,286.0,87.54850601528167,A,OCRBR5060M1,OCRBR5060M1-041112,LÓTICO,2012-11-28,2012
135.4,2.0,10.0,7.99,10.0,93.0,23.0,0.3165,0.0827,0.014,310.0,85.32486100863446,A,OCRBR5060M1,OCRBR5060M1-170313,LÓTICO,2013-03-11,2013
109.5,2.0,10.0,7.13,10.0,240.0,23.0,0.1724,0.0538,0.013,304.0,89.4076166837073,A,OCRBR5060M1,OCRBR5060M1-050513,LÓTICO,2013-05-02,2013
105.3,2.0,10.0,8.2,14.0,230.0,90.0,0.3933,0.1055,0.015,264.0,88.08936035533495,A,OCRBR5060M1,OCRBR5060M1-080315,LÓTICO,2015-03-05,2015
111.1,2.0,12.0,8.6,13.0,2400.0,150.0,0.5221,0.1166,0.0711,284.48,81.00376458475232,A,OCRBR5060M1,OCRBR5060M1-120415,LÓTICO,2015-04-09,2015
106.1,2.0,10.0,8.7,10.0,930.0,430.0,0.1924,0.0455,0.0015,201.0,83.3533838055821,A,OCRBR5060M1,OCRBR5060M1-060915,LÓTICO,2015-08-27,2015
103.7,2.0,21.0,7.2,10.0,230.0,40.0,0.092922,0.220252,0.003388,240.0,91.16854285625259,E,OCRBR5060M1,OCRBR5060M1-060316,LÓTICO,2016-03-03,2016
105.2,2.0,10.0,8.1,10.0,30.0,30.0,0.031,0.110899,0.0015,264.16,93.29850146189963,E,OCRBR5060M1,OCRBR5060M1-290516,LÓTICO,2016-05-30,2016
104.5,2.0,10.0,7.9,10.0,40.0,30.0,0.117687,0.114823,0.018592,189.32,94.88204132579263,E,OCRBR5060M1,OCRBR5060M1-110916,LÓTICO,2016-10-04,2016
114.2,2.0,10.0,7.3,14.7,930.0,430.0,0.53382,0.20431,0.28223,281.67,76.66991244103983,A,OCRBR5060M1,OCRBR5060M1-050317,LÓTICO,2017-03-10,2017
99.4,2.0,10.0,7.9,12.67,90.0,90.0,0.194552,0.075581,0.02603,245.44,91.01065316898965,E,OCRBR5060M1,OCRBR5060M1-090717,LÓTICO,2017-07-07,2017
97.4,2.0,10.0,8.4,24.33,2400.0,230.0,1.182326,0.116209,0.15383,258.93,79.02942803797012,A,OCRBR5060M1,OCRBR5060M1-200817,LÓTICO,2017-08-07,2017
99.4,2.0,10.0,7.3,13.33,230.0,90.0,0.20402,0.05585,0.02976,252.17,89.36988519733438,A,OCRBR5060M1,OCRBR5060M1-011017,LÓTICO,2017-09-22,2017
97.9,2.0,10.0,8.3,10.67,30.0,30.0,0.97343,0.08668,0.05881,290.455,90.2127177012166,E,OCRBR5060M1,OCRBR5060M1-140118,LÓTICO,2018-01-11,2018
97.5,2.0,10.0,7.5,10.0,90.0,90.0,0.053847,0.064297,0.00499,251.342,92.08800795412687,E,OCRBR5060M1,OCRBR5060M1-010418,LÓTICO,2018-04-04,2018
99.9,2.0,10.0,7.9,10.0,230.0,40.0,0.0827,0.147381,0.03371,259.746,89.56787770760914,A,OCRBR5060M1,OCRBR5060M1-200518,LÓTICO,2018-05-16,2018
111.6,2.0,10.0,8.2,10.0,4600.0,1500.0,0.297323,0.100974,0.02688,251.647,79.19556316717367,A,OCRBR5060M1,OCRBR5060M1-030219,LÓTICO,2019-01-28,2019
122.4,2.0,10.0,8.5,11.2,390.0,1464.0,0.13491,0.13823,0.006,187.492,81.94646379488147,A,OCRBR5060M1,OCRBR5060M1-200920,LÓTICO,2020-09-17,2020
89.6,2.0,10.0,7.91,10.0,460.0,240.0,1.4731,0.1253,0.033,296.0,82.25861892016202,A,OCRBR5061M1,OCRBR5061M1-161212,LÓTICO,2013-01-18,2013
126.8,2.0,10.0,7.57,10.0,23.0,23.0,0.0391,0.071,0.001,249.0,92.12302016941058,E,OCRBR5061M1,OCRBR5061M1-170313,LÓTICO,2013-03-13,2013
115.9,2.0,10.0,7.29,10.0,2400.0,460.0,0.0431,0.0426,0.0167,238.0,83.43457669307722,A,OCRBR5061M1,OCRBR5061M1-070713,LÓTICO,2013-07-02,2013
98.7,2.0,10.0,7.51,22.0,4600.0,2400.0,2.385,0.185,0.08,266.0,77.83649677457774,A,OCRBR5061M1,OCRBR5061M1-271013,LÓTICO,2013-10-21,2013
103.2,2.0,10.0,7.9,14.0,230.0,230.0,0.738,0.042,0.049,290.0,83.48352280801572,A,OCRBR5061M1,OCRBR5061M1-200714,LÓTICO,2014-07-15,2014
99.1,2.0,10.0,8.3,33.0,11000.0,1500.0,1.704,0.138,0.028,254.0,76.63196898114771,A,OCRBR5061M1,OCRBR5061M1-210914,LÓTICO,2014-10-09,2014
103.9,2.0,11.0,7.5,21.0,2400.0,2400.0,3.1831,0.1411,0.1014,311.08,77.05733328439949,A,OCRBR5061M1,OCRBR5061M1-260415,LÓTICO,2015-04-21,2015
105.2,2.0,10.0,7.9,17.0,930.0,30.0,2.6216,0.0834,0.0467,282.0,86.83273406295595,A,OCRBR5061M1,OCRBR5061M1-160815,LÓTICO,2015-08-10,2015
133.8,2.35,10.0,7.9,10.0,4600.0,4600.0,2.337438,0.275166,0.03534,322.0,71.12142337798907,A,OCRBR5061M1,OCRBR5061M1-060316,LÓTICO,2016-03-02,2016
99.7,2.0,10.0,7.2,14.0,430.0,70.0,0.114635,0.057872,0.043702,269.54,88.42937927101327,A,OCRBR5061M1,OCRBR5061M1-070816,LÓTICO,2016-08-05,2016
102.2,2.0,10.0,7.3,14.7,2400.0,930.0,2.10605,0.21278,0.1391,307.99,77.54433099834492,A,OCRBR5061M1,OCRBR5061M1-230417,LÓTICO,2017-04-17,2017
109.7,2.0,10.0,7.9,10.0,430.0,40.0,0.236908,0.120581,0.05379,258.66,88.07465976495534,A,OCRBR5061M1,OCRBR5061M1-090717,LÓTICO,2017-07-07,2017
87.6,2.0,10.0,7.8,10.0,30.0,30.0,0.273349,0.106932,0.06162,263.84,90.39292166193864,E,OCRBR5061M1,OCRBR5061M1-200817,LÓTICO,2017-08-17,2017
135.8,2.0,10.0,8.2,10.0,30.0,30.0,2.06246,0.05147,0.04607,299.947,84.33034950922747,A,OCRBR5061M1,OCRBR5061M1-140118,LÓTICO,2018-01-11,2018
91.9,2.0,10.0,8.3,10.0,430.0,430.0,1.972067,0.071484,0.13135,319.505,78.5966219034903,A,OCRBR5061M1,OCRBR5061M1-180218,LÓTICO,2018-02-14,2018
95.2,2.0,10.0,8.4,10.0,430.0,40.0,1.337328,0.090219,0.12535,292.91,84.60659526328631,A,OCRBR5061M1,OCRBR5061M1-290418,LÓTICO,2018-04-25,2018
99.4,2.0,10.0,7.2,13.67,430.0,430.0,2.475293,0.136981,0.12213,290.246,81.15555015219093,A,OCRBR5061M1,OCRBR5061M1-021218,LÓTICO,2018-11-28,2018
99.6,2.0,10.0,7.41,14.0,2400.0,46.0,0.5775,0.0574,0.05094,444.0,82.63573486107038,A,OCRBR5062M1,OCRBR5062M1-281012,SUBTERRÁNEO,2012-11-22,2012
99.6,2.0,10.0,6.92,14.0,2400.0,23.0,0.758,0.0401,0.05094,486.0,80.436667293747,A,OCRBR5062M1,OCRBR5062M1-140413,SUBTERRÁNEO,2013-04-12,2013
99.6,2.0,10.0,7.1,14.0,2400.0,70.0,1.191355,0.03025,0.05094,331.0,84.77318614777334,A,OCRBR5062M1,OCRBR5062M1-280216,SUBTERRÁNEO,2016-02-26,2016
99.6,2.0,10.0,7.2,14.0,2400.0,3.0,0.327947,0.083654,0.05094,289.62,87.66982900871307,A,OCRBR5062M1,OCRBR5062M1-060817,SUBTERRÁNEO,2017-08-03,2017
99.6,2.0,10.0,7.6,14.0,2400.0,3.0,2.448316,0.048617,0.05094,349.8228,85.78032114991991,A,OCRBR5062M1,OCRBR5062M1-180318,SUBTERRÁNEO,2018-06-25,2018
99.6,2.0,10.0,8.2,14.0,2400.0,3.0,0.4133,0.038537,0.05094,265.9096,87.30572111950372,A,OCRBR5062M1,OCRBR5062M1-181118,SUBTERRÁNEO,2018-11-15,2018
99.7,2.0,10.0,7.91,21.0,2400.0,21.0,0.8378,0.1466,0.0809,264.0,86.65897960185167,A,OCRBR5063M1,OCRBR5063M1-041112,LÓTICO,2013-01-18,2013
84.3,2.0,10.0,7.9,16.0,2400.0,460.0,1.9809,0.1685,0.048,302.0,78.40792668723516,A,OCRBR5063M1,OCRBR5063M1-161212,LÓTICO,2013-01-18,2013
121.8,2.0,10.0,7.38,63.0,240.0,9.0,0.1691,0.0879,0.001,324.0,87.11411459006469,A,OCRBR5063M1,OCRBR5063M1-170313,LÓTICO,2013-03-13,2013
143.4,2.0,10.0,7.33,40.0,460.0,7.0,0.0379,0.0374,0.016,298.0,81.73898809964533,A,OCRBR5063M1,OCRBR5063M1-280413,LÓTICO,2013-04-22,2013
109.2,2.0,10.0,7.2,46.0,2400.0,1100.0,0.31,0.0799,0.033,308.0,78.62215981238342,A,OCRBR5063M1,OCRBR5063M1-070713,LÓTICO,2013-07-02,2013
95.1,2.0,10.0,7.22,14.0,4600.0,430.0,2.024,0.016,0.064,262.0,80.59988907931381,A,OCRBR5063M1,OCRBR5063M1-271013,LÓTICO,2013-10-21,2013
103.9,2.0,10.0,8.1,10.0,230.0,90.0,0.757,0.14,0.039,288.0,86.71500464682023,A,OCRBR5063M1,OCRBR5063M1-200714,LÓTICO,2014-07-15,2014
102.6,2.0,10.0,7.8,15.0,4600.0,4600.0,3.1115,0.1788,0.077,311.08,74.90297326605493,A,OCRBR5063M1,OCRBR5063M1-260415,LÓTICO,2015-04-21,2015
106.2,2.0,10.0,7.8,10.0,4600.0,40.0,2.5013,0.065,0.0551,281.0,84.9626168136415,A,OCRBR5063M1,OCRBR5063M1-160815,LÓTICO,2015-08-10,2015
99.7,2.0,10.0,7.7,10.0,230.0,40.0,0.423161,0.171206,0.002839,296.41,89.8318027698086,A,OCRBR5063M1,OCRBR5063M1-240416,LÓTICO,2016-04-18,2016
106.2,2.0,10.0,7.9,10.0,230.0,230.0,0.200879,0.104042,0.024111,253.76,85.17473420996173,A,OCRBR5063M1,OCRBR5063M1-030716,LÓTICO,2016-07-01,2016
98.3,2.07,10.0,7.1,10.0,430.0,90.0,0.252622,0.069782,0.086664,300.17,85.62731802152321,A,OCRBR5063M1,OCRBR5063M1-070816,LÓTICO,2016-08-05,2016
106.2,2.42,10.0,7.3,17.5,230.0,90.0,0.843087,0.091672,0.027206,246.0,89.33020574387206,A,OCRBR5063M1,OCRBR5063M1-110916,LÓTICO,2016-09-09,2016
112.2,2.0,10.0,8.2,10.0,230.0,30.0,1.29851,0.1306,0.0972,281.85,86.28885564128987,A,OCRBR5063M1,OCRBR5063M1-050317,LÓTICO,2017-03-01,2017
98.6,2.0,10.0,8.1,16.3,4600.0,110.0,2.30688,0.20034,0.13698,304.01,80.3007768721287,A,OCRBR5063M1,OCRBR5063M1-230417,LÓTICO,2017-04-17,2017
110.9,2.0,10.0,7.8,15.67,230.0,90.0,0.617042,0.194902,0.08218,285.09,85.67045879588049,A,OCRBR5063M1,OCRBR5063M1-090717,LÓTICO,2017-07-07,2017
127.5,2.0,10.0,7.4,10.0,40.0,30.0,0.983777,0.192566,0.174,287.12,85.67161182912754,A,OCRBR5063M1,OCRBR5063M1-200817,LÓTICO,2017-08-17,2017
90.5,2.0,10.0,8.1,10.0,4600.0,2400.0,2.380623,0.279037,0.20049,303.919,72.33370046513494,A,OCRBR5063M1,OCRBR5063M1-180218,LÓTICO,2018-02-14,2018
106.6,2.0,10.0,7.8,10.0,70.0,30.0,1.5528,0.090122,0.248,307.814,85.1624402496244,A,OCRBR5063M1,OCRBR5063M1-250318,LÓTICO,2018-03-21,2018
100.7,2.0,10.0,6.6,10.0,230.0,40.0,2.536359,0.052813,0.1309,295.757,84.90923410136214,A,OCRBR5063M1,OCRBR5063M1-021218,LÓTICO,2018-11-28,2018
118.0,2.0,10.0,8.3,10.0,2400.0,2400.0,2.91245,0.115168,0.20639,277.611,73.66669532947839,A,OCRBR5063M1,OCRBR5063M1-030219,LÓTICO,2019-01-28,2019
91.0,2.0,10.0,7.98,10.0,2400.0,93.0,0.571,0.14,0.0143,198.0,87.24737837591285,A,OCRBR5064M1,OCRBR5064M1-021212,LÓTICO (HUMEDAL),2012-12-19,2012
94.2,2.0,10.0,7.92,10.0,460.0,23.0,0.325,0.0897,0.0258,180.0,91.30618257113014,E,OCRBR5064M1,OCRBR5064M1-041112,LÓTICO (HUMEDAL),2013-01-18,2013
113.9,2.0,10.0,8.03,10.0,3.0,3.0,0.5387,0.0525,0.0015,188.0,96.00653368789543,E,OCRBR5064M1,OCRBR5064M1-231212,LÓTICO (HUMEDAL),2013-01-24,2013
96.0,2.0,10.0,6.98,10.0,43.0,43.0,0.4427,0.1701,0.024,178.0,94.21762427513252,E,OCRBR5064M1,OCRBR5064M1-170313,LÓTICO (HUMEDAL),2013-03-12,2013
73.6,2.0,10.0,7.3,19.0,1100.0,240.0,0.685,0.0035,0.033,208.0,81.26144913956513,A,OCRBR5064M1,OCRBR5064M1-280413,LÓTICO (HUMEDAL),2013-04-26,2013
102.5,2.0,10.0,7.22,10.0,460.0,43.0,0.3015,0.2741,0.014,148.0,92.58029977457554,E,OCRBR5064M1,OCRBR5064M1-300613,LÓTICO (HUMEDAL),2013-06-24,2013
88.2,2.0,10.0,6.92,10.0,40.0,30.0,0.739,0.1,0.015,206.0,93.14780502382963,E,OCRBR5064M1,OCRBR5064M1-271013,LÓTICO (HUMEDAL),2013-10-23,2013
101.5,2.0,10.0,7.2,10.0,430.0,150.0,0.719,0.106,0.005,180.0,89.6829112388118,A,OCRBR5064M1,OCRBR5064M1-200714,LÓTICO (HUMEDAL),2014-07-16,2014
102.9,2.0,10.0,7.7,10.0,930.0,430.0,2.1803,0.1506,0.0437,253.78,82.7981066885264,A,OCRBR5064M1,OCRBR5064M1-190415,LÓTICO (HUMEDAL),2015-04-15,2015
105.1,2.4,10.0,8.0,10.0,930.0,930.0,3.2166,0.0561,0.0112,264.0,81.4745771431065,A,OCRBR5064M1,OCRBR5064M1-280615,LÓTICO (HUMEDAL),2015-07-03,2015
104.7,2.0,10.0,8.2,12.0,430.0,230.0,2.2444,0.038,0.0146,221.0,85.15077035831237,A,OCRBR5064M1,OCRBR5064M1-130915,LÓTICO (HUMEDAL),2015-09-17,2015
102.6,2.77,10.0,7.8,13.0,230.0,230.0,1.252637,0.186632,0.006184,209.3,86.86116779563238,A,OCRBR5064M1,OCRBR5064M1-050616,LÓTICO (HUMEDAL),2016-06-06,2016
102.2,2.0,10.0,8.0,10.0,430.0,230.0,0.341239,0.095064,0.010444,163.36,87.49793303797951,A,OCRBR5064M1,OCRBR5064M1-140816,LÓTICO (HUMEDAL),2016-08-11,2016
96.7,2.0,10.0,6.8,10.0,150.0,30.0,1.08705,0.08051,0.04259,220.56,90.81517430259493,E,OCRBR5064M1,OCRBR5064M1-230417,LÓTICO (HUMEDAL),2017-04-18,2017
96.2,2.0,10.0,7.3,10.0,210.0,40.0,0.803361,0.063891,0.00775,166.14,93.30394717631619,E,OCRBR5064M1,OCRBR5064M1-160717,LÓTICO (HUMEDAL),2017-07-11,2017
104.8,2.0,10.0,7.1,10.0,90.0,30.0,0.88264,0.10934,0.02533,161.02,94.85782766600926,E,OCRBR5064M1,OCRBR5064M1-270817,LÓTICO (HUMEDAL),2017-08-21,2017
92.9,2.0,10.0,7.2,10.0,40.0,40.0,1.50314,0.07957,0.01677,212.621,93.90190375838002,E,OCRBR5064M1,OCRBR5064M1-210118,LÓTICO (HUMEDAL),2018-01-16,2018
102.6,2.0,10.0,7.8,10.0,30.0,30.0,1.030979,0.179502,0.0448,206.509,93.63822094475437,E,OCRBR5064M1,OCRBR5064M1-250218,LÓTICO (HUMEDAL),2018-02-20,2018
99.7,2.0,10.0,7.1,10.0,230.0,230.0,0.787929,0.03192,0.01338,203.907,87.30469363016189,A,OCRBR5064M1,OCRBR5064M1-021218,LÓTICO (HUMEDAL),2018-11-28,2018
100.0,2.0,10.0,7.0,10.0,230.0,230.0,1.008444,0.75126,0.01598,214.535,84.63484752802455,A,OCRBR5064M1,OCRBR5064M1-030219,LÓTICO (HUMEDAL),2019-01-28,2019
109.3,2.0,10.0,8.12,10.0,1100.0,460.0,3.264,0.24,0.35,344.0,72.1848502050418,A,OCRBR5065M1,OCRBR5065M1-021212,LÓTICO,2012-12-19,2012
108.8,2.0,10.0,8.16,10.0,1100.0,1100.0,1.9594,0.1206,0.1774,306.0,75.80129639607789,A,OCRBR5065M1,OCRBR5065M1-041112,LÓTICO,2013-01-18,2013
110.7,2.0,10.0,8.21,10.0,460.0,43.0,1.2043,0.0572,0.19,322.0,82.44962805907215,A,OCRBR5065M1,OCRBR5065M1-170313,LÓTICO,2013-03-12,2013
73.2,2.0,17.0,7.4,10.0,1100.0,1100.0,1.8392,0.0035,0.342,318.0,69.87879581101834,LC,OCRBR5065M1,OCRBR5065M1-280413,LÓTICO,2013-04-26,2013
99.2,2.0,10.0,8.02,10.0,240.0,93.0,0.785,0.142,0.0973,280.0,85.70600907214637,A,OCRBR5065M1,OCRBR5065M1-300613,LÓTICO,2013-06-24,2013
96.2,2.0,10.0,7.61,10.0,930.0,930.0,2.251,0.0035,0.051,286.0,80.30221144511361,A,OCRBR5065M1,OCRBR5065M1-271013,LÓTICO,2013-10-23,2013
100.6,2.0,10.0,7.3,10.0,230.0,40.0,1.064,0.098,0.013,172.0,93.34583232929602,E,OCRBR5065M1,OCRBR5065M1-200714,LÓTICO,2014-07-16,2014
103.2,2.0,10.0,7.9,10.0,930.0,230.0,2.2402,0.535,0.0214,251.73,82.56901720884623,A,OCRBR5065M1,OCRBR5065M1-190415,LÓTICO,2015-04-15,2015
113.1,2.0,10.0,8.1,10.0,2400.0,230.0,5.1702,0.0209,0.055,373.0,77.9367755138731,A,OCRBR5065M1,OCRBR5065M1-240515,LÓTICO,2015-05-29,2015
104.6,2.7,10.0,8.2,10.0,430.0,30.0,2.9279,0.0105,0.0171,262.0,88.76265217655538,A,OCRBR5065M1,OCRBR5065M1-280615,LÓTICO,2015-07-03,2015
106.2,2.0,10.0,8.1,27.0,24000.0,4600.0,3.990524,0.110901,0.099014,340.0,67.51644143251147,LC,OCRBR5065M1,OCRBR5065M1-130915,LÓTICO,2015-09-17,2015
100.6,2.0,10.0,7.3,13.0,430.0,230.0,1.213372,0.228495,0.004554,207.26,87.12717734335229,A,OCRBR5065M1,OCRBR5065M1-050616,LÓTICO,2016-06-06,2016
101.1,2.0,10.0,7.6,10.0,930.0,230.0,0.339576,0.082317,0.002937,169.49,87.45437558231275,A,OCRBR5065M1,OCRBR5065M1-140816,LÓTICO,2016-08-11,2016
113.3,2.0,10.0,7.8,11.0,230.0,90.0,1.65686,0.03886,0.02398,188.55,89.68077443613991,A,OCRBR5065M1,OCRBR5065M1-120317,LÓTICO,2017-03-06,2017
105.3,2.0,10.0,7.6,13.33,2400.0,30.0,1.03,0.14583,0.0292,199.04,89.72787636672795,A,OCRBR5065M1,OCRBR5065M1-040617,LÓTICO,2017-05-31,2017
102.4,2.0,10.0,7.2,10.0,750.0,90.0,0.686637,0.07729,0.05041,164.26,89.55138438688722,A,OCRBR5065M1,OCRBR5065M1-160717,LÓTICO,2017-07-11,2017
117.3,2.0,10.0,7.9,13.0,11000.0,1500.0,2.44565,2.86517,0.87196,296.82,53.5208967299419,LC,OCRBR5065M1,OCRBR5065M1-270817,LÓTICO,2017-08-21,2017
105.9,2.0,10.0,7.2,10.0,430.0,430.0,0.82919,0.092,0.02669,211.43,85.7027359985601,A,OCRBR5065M1,OCRBR5065M1-081017,LÓTICO,2017-10-03,2017
81.0,2.0,10.0,7.4,10.0,90.0,30.0,1.2489,0.07178,0.0186,206.926,91.56775690259742,E,OCRBR5065M1,OCRBR5065M1-210118,LÓTICO,2018-01-16,2018
140.6,2.0,10.0,8.2,10.0,4600.0,430.0,2.524411,0.092774,0.43682,370.158,63.58234923088024,LC,OCRBR5065M1,OCRBR5065M1-250218,LÓTICO,2018-02-20,2018
117.7,2.0,10.0,7.9,10.0,430.0,430.0,0.913207,0.06977,0.00386,214.381,85.21895299596694,A,OCRBR5065M1,OCRBR5065M1-150418,LÓTICO,2018-04-12,2018
113.6,2.0,10.0,7.1,10.0,930.0,150.0,5.225797,0.093196,0.34081,354.541,74.74727861282726,A,OCRBR5065M1,OCRBR5065M1-021218,LÓTICO,2018-11-28,2018
101.8,2.0,10.0,6.9,10.0,4600.0,430.0,3.229164,0.118905,0.1511,362.905,75.90246961481434,A,OCRBR5065M1,OCRBR5065M1-030219,LÓTICO,2019-01-28,2019
106.3,2.0,10.0,8.06,10.0,2400.0,2400.0,2.9132,0.0944,0.267,320.0,72.62162038838571,A,OCRBR5066M1,OCRBR5066M1-021212,LÓTICO,2013-01-15,2013
127.8,2.0,14.0,8.24,10.0,2400.0,460.0,2.0699,0.0124,0.155,302.0,74.93585796849916,A,OCRBR5066M1,OCRBR5066M1-041112,LÓTICO,2013-01-15,2013
99.2,2.0,15.0,8.0,10.0,4600.0,930.0,0.902,0.17,0.045,360.0,77.25850633233351,A,OCRBR5066M1,OCRBR5066M1-200714,LÓTICO,2014-07-17,2014
101.3,2.0,13.0,7.9,10.0,2400.0,2400.0,4.2211,1.563,0.3251,336.0,67.52364430544095,LC,OCRBR5066M1,OCRBR5066M1-150215,LÓTICO,2015-02-10,2015
103.6,2.0,10.0,7.9,10.0,2400.0,230.0,3.9166,0.1178,0.0499,329.5,80.00007724378722,A,OCRBR5066M1,OCRBR5066M1-260415,LÓTICO,2015-04-20,2015
103.8,2.0,10.0,7.5,10.0,2400.0,230.0,2.8518,0.1049,0.0423,310.0,81.5148231882062,A,OCRBR5066M1,OCRBR5066M1-050715,LÓTICO,2015-07-10,2015
117.8,2.0,22.0,7.8,10.0,930.0,210.0,0.052546,0.1994,0.228009,284.26,77.50514909025017,A,OCRBR5066M1,OCRBR5066M1-010516,LÓTICO,2016-04-27,2016
89.6,2.0,10.0,7.4,10.0,4600.0,430.0,1.214739,0.110969,0.325448,253.87,74.89693346371755,A,OCRBR5066M1,OCRBR5066M1-180916,LÓTICO,2016-09-18,2016
115.3,2.0,10.0,8.1,10.0,11000.0,280.0,2.67397,0.1162,0.11069,293.44,75.97554159334483,A,OCRBR5066M1,OCRBR5066M1-040617,LÓTICO,2017-06-02,2017
92.8,2.0,10.0,7.8,10.0,2400.0,2400.0,3.52665,0.9505,0.19319,316.16,71.46359883397658,A,OCRBR5066M1,OCRBR5066M1-081017,LÓTICO,2017-10-03,2017
98.5,2.0,10.0,7.2,33.67,930.0,230.0,5.14231,0.02822,0.13643,455.362,75.10110614175508,A,OCRBR5066M1,OCRBR5066M1-281018,LÓTICO,2018-10-26,2018
103.5,2.0,10.6,8.2,10.0,4600.0,4600.0,5.154767,0.118181,0.33517,358.215,67.94885058171607,LC,OCRBR5066M1,OCRBR5066M1-021218,LÓTICO,2018-11-27,2018
106.2,2.0,10.79,8.5,10.0,930.0,230.0,6.453767,0.069586,0.34571,393.448,71.31539744601486,A,OCRBR5066M1,OCRBR5066M1-030219,LÓTICO,2019-02-01,2019
110.1,2.0,10.695,8.2,10.0,3500.0,1793.0,2.462038,2.582031,0.71551,321.44,59.15266499509286,LC,OCRBR5066M1,OCRBR5066M1-230820,LÓTICO,2020-08-18,2020
125.1,2.0,10.0,8.11,10.0,930.0,70.0,5.64,0.05,0.162,278.0,80.3163251270606,A,OCRBR5067M1,OCRBR5067M1-020214,LÓTICO,2014-01-30,2014
102.6,2.0,11.0,7.6,10.0,11000.0,2400.0,0.936,0.108,0.034,312.0,76.38929820078275,A,OCRBR5067M1,OCRBR5067M1-200714,LÓTICO,2014-07-17,2014
98.4,2.4,10.0,7.5,10.0,24000.0,4600.0,2.1819,0.5405,0.2165,290.0,66.50787988293428,LC,OCRBR5067M1,OCRBR5067M1-220315,LÓTICO,2015-03-19,2015
101.5,2.0,10.0,7.4,10.0,2400.0,90.0,3.8523,0.0827,0.0553,335.642,83.90570985915917,A,OCRBR5067M1,OCRBR5067M1-260415,LÓTICO,2015-04-20,2015
103.7,2.0,10.0,8.3,10.0,11000.0,4600.0,3.7068,0.1384,0.1251,306.0,71.44907746653948,A,OCRBR5067M1,OCRBR5067M1-310515,LÓTICO,2015-05-26,2015
104.6,2.5,13.0,8.2,10.0,430.0,230.0,2.7824,0.0808,0.009,320.0,82.73194109998256,A,OCRBR5067M1,OCRBR5067M1-050715,LÓTICO,2015-07-10,2015
99.4,2.0,15.0,8.1,10.0,430.0,430.0,0.081221,0.162,0.243797,282.24,78.1179894189401,A,OCRBR5067M1,OCRBR5067M1-010516,LÓTICO,2016-04-27,2016
99.8,2.0,10.0,8.1,10.0,24000.0,1500.0,3.76617,0.25594,0.28477,281.67,66.9911704097631,LC,OCRBR5067M1,OCRBR5067M1-120317,LÓTICO,2017-03-10,2017
118.7,2.0,10.0,8.2,10.0,11000.0,2100.0,3.02139,0.13608,0.11186,277.02,73.39840875750258,A,OCRBR5067M1,OCRBR5067M1-040617,LÓTICO,2017-06-02,2017
83.0,2.0,10.0,8.3,10.0,430.0,150.0,3.184999,0.076549,0.48566,352.624,70.73303122196542,A,OCRBR5067M1,OCRBR5067M1-250218,LÓTICO,2018-02-20,2018
115.3,2.0,10.0,8.4,10.0,2400.0,2400.0,6.864177,0.19987,0.43167,387.457,65.9664705417361,LC,OCRBR5067M1,OCRBR5067M1-030219,LÓTICO,2019-02-01,2019
127.4,2.0,11.85,8.2,10.0,2400.0,3076.0,1.375331,3.509876,0.60582,323.425,57.520277656878804,LC,OCRBR5067M1,OCRBR5067M1-230820,LÓTICO,2020-08-18,2020
98.0,2.0,10.0,7.77,10.0,240.0,240.0,2.089,0.0467,0.365,288.0,76.04833466222895,A,OCRBR5068M1,OCRBR5068M1-021212,LÓTICO,2013-01-15,2013
85.3,2.0,10.0,7.87,10.0,2400.0,75.0,1.0439,0.0624,0.232,284.0,79.51674553155264,A,OCRBR5068M1,OCRBR5068M1-041112,LÓTICO,2013-01-15,2013
90.5,2.0,10.0,7.97,10.0,240.0,43.0,1.6383,0.0216,0.237,302.0,82.00151954886114,A,OCRBR5068M1,OCRBR5068M1-231212,LÓTICO,2013-01-28,2013
62.1,2.0,10.0,7.43,10.0,2400.0,210.0,0.5157,0.0788,0.18,288.0,73.460170206642,A,OCRBR5068M1,OCRBR5068M1-240313,LÓTICO,2013-03-21,2013
70.1,2.0,10.0,7.16,11.0,2400.0,2400.0,0.3076,0.0997,0.087,290.0,73.92694725201142,A,OCRBR5068M1,OCRBR5068M1-280413,LÓTICO,2013-04-24,2013
95.8,2.0,10.0,7.32,10.0,15.0,15.0,0.406,0.2713,0.0111,200.0,95.64027577130791,E,OCRBR5068M1,OCRBR5068M1-300613,LÓTICO,2013-06-25,2013
105.3,2.0,10.0,7.37,10.0,90.0,90.0,3.91,0.05,0.092,280.0,88.04121092707739,A,OCRBR5068M1,OCRBR5068M1-020214,LÓTICO,2014-01-30,2014
100.9,2.0,10.0,7.2,10.0,24000.0,1500.0,0.928,0.136,0.03,328.0,72.71012811084661,A,OCRBR5068M1,OCRBR5068M1-200714,LÓTICO,2014-07-17,2014
99.7,2.0,10.0,7.6,10.0,930.0,930.0,3.426,0.0266,0.1137,338.0,78.00749538274435,A,OCRBR5068M1,OCRBR5068M1-150215,LÓTICO,2015-02-10,2015
127.3,2.0,10.0,7.6,10.0,70.0,40.0,1.3649,0.0561,0.0119,276.0,89.5357859952332,A,OCRBR5068M1,OCRBR5068M1-220315,LÓTICO,2015-03-19,2015
102.8,2.0,12.0,7.5,10.0,2400.0,430.0,3.9303,0.0796,0.0579,335.642,79.90479754949608,A,OCRBR5068M1,OCRBR5068M1-260415,LÓTICO,2015-04-20,2015
109.7,2.0,10.0,8.3,10.0,24000.0,430.0,3.0532,0.0877,0.0632,317.0,71.92856085188033,A,OCRBR5068M1,OCRBR5068M1-310515,LÓTICO,2015-05-26,2015
110.7,2.0,10.0,7.5,10.0,430.0,230.0,0.031443,0.172,0.028023,286.27,84.05569006295225,A,OCRBR5068M1,OCRBR5068M1-010516,LÓTICO,2016-04-27,2016
99.6,2.33,10.0,7.5,10.0,2400.0,2400.0,0.751518,0.1096,0.025027,308.86,79.78056915066475,A,OCRBR5068M1,OCRBR5068M1-050616,LÓTICO,2016-06-02,2016
102.2,2.0,10.0,7.7,10.0,4600.0,430.0,0.192377,0.163376,0.009137,253.01,82.80129377389586,A,OCRBR5068M1,OCRBR5068M1-100716,LÓTICO,2016-07-11,2016
102.5,2.0,10.0,7.8,10.0,4600.0,930.0,0.542852,0.101239,0.002432,322.64,79.8828862509033,A,OCRBR5068M1,OCRBR5068M1-140816,LÓTICO,2016-08-15,2016
109.8,2.0,10.0,7.9,10.0,430.0,90.0,1.276221,0.060162,0.104013,307.01,84.3839825990121,A,OCRBR5068M1,OCRBR5068M1-180916,LÓTICO,2016-09-18,2016
93.8,2.0,10.0,7.1,10.0,90.0,90.0,2.95638,0.06837,0.10225,349.11,85.33162812714978,A,OCRBR5068M1,OCRBR5068M1-120317,LÓTICO,2017-03-10,2017
93.9,2.0,10.0,7.3,10.0,930.0,90.0,2.13911,0.11907,0.10382,363.62,82.45759428413047,A,OCRBR5068M1,OCRBR5068M1-230417,LÓTICO,2017-04-21,2017
100.2,2.0,10.0,7.3,10.0,2100.0,70.0,1.74504,0.08824,0.09651,342.68,83.93445938572692,A,OCRBR5068M1,OCRBR5068M1-040617,LÓTICO,2017-06-02,2017
84.1,2.0,10.0,7.3,10.0,230.0,230.0,1.520248,0.136864,0.06368,345.5,80.28367740000633,A,OCRBR5068M1,OCRBR5068M1-160717,LÓTICO,2017-07-12,2017
93.9,2.0,10.0,7.5,10.0,4600.0,430.0,3.49471,0.0512,0.08743,306.28,78.66909931647693,A,OCRBR5068M1,OCRBR5068M1-081017,LÓTICO,2017-10-03,2017
86.1,2.0,10.0,7.3,10.0,90.0,90.0,3.21982,0.04222,0.11393,372.412,83.62081494737494,A,OCRBR5068M1,OCRBR5068M1-210118,LÓTICO,2018-01-18,2018
100.9,2.0,10.0,7.2,10.0,210.0,90.0,2.257131,0.05193,0.27815,350.676,80.37115218957636,A,OCRBR5068M1,OCRBR5068M1-250218,LÓTICO,2018-02-20,2018
92.7,2.0,10.0,7.7,10.0,11000.0,2400.0,0.041401,0.2621,0.01162,355.746,75.00136109127199,A,OCRBR5068M1,OCRBR5068M1-080418,LÓTICO,2018-04-05,2018
96.6,2.0,10.0,7.9,10.0,4600.0,4600.0,1.6196,0.15693,0.0765,354.312,74.1225673295782,A,OCRBR5068M1,OCRBR5068M1-270518,LÓTICO,2018-05-21,2018
99.5,2.0,10.0,7.9,10.0,930.0,150.0,3.187894,0.028604,0.22618,329.538,78.52983799280413,A,OCRBR5068M1,OCRBR5068M1-281018,LÓTICO,2018-10-26,2018
93.0,2.0,10.0,8.1,10.0,90.0,90.0,2.304543,0.039825,0.16399,326.986,83.82377943930335,A,OCRBR5068M1,OCRBR5068M1-021218,LÓTICO,2018-11-27,2018
93.9,2.0,10.0,8.1,10.0,230.0,40.0,2.456026,0.05919,0.21391,343.518,81.59443986372477,A,OCRBR5068M1,OCRBR5068M1-030219,LÓTICO,2019-01-29,2019
139.8,2.0,10.0,8.0,10.0,930.0,1720.0,3.658916,0.064327,0.1242,317.472,70.49008636383739,A,OCRBR5068M1,OCRBR5068M1-230820,LÓTICO,2020-08-18,2020
99.6,2.0,10.0,6.9,14.0,2400.0,3.0,9.7128,0.0035,0.05094,440.0,80.98453273794976,A,OCRBR5069M1,OCRBR5069M1-281012,SUBTERRÁNEO,2012-11-22,2012
99.6,2.0,10.0,7.0,14.0,2400.0,3.0,8.4637,0.0245,0.05094,426.0,81.99538396804303,A,OCRBR5069M1,OCRBR5069M1-140413,SUBTERRÁNEO,2013-04-12,2013
99.6,2.0,10.0,7.3,14.0,2400.0,30.0,7.377,0.0615,0.05094,406.0,82.86101350767845,A,OCRBR5069M1,OCRBR5069M1-150215,SUBTERRÁNEO,2015-02-12,2015
99.6,2.0,10.0,6.9,14.0,2400.0,3.0,6.645871,0.02444,0.05094,412.0,82.64880561453222,A,OCRBR5069M1,OCRBR5069M1-280216,SUBTERRÁNEO,2016-02-26,2016
99.6,2.0,10.0,6.8,14.0,2400.0,3.0,7.982392,0.052315,0.05094,420.04,81.8835326191129,A,OCRBR5069M1,OCRBR5069M1-060817,SUBTERRÁNEO,2017-08-03,2017
99.6,2.0,10.0,7.6,14.0,2400.0,4.0,6.851677,0.051984,0.05094,440.202,82.23469597904369,A,OCRBR5069M1,OCRBR5069M1-180318,SUBTERRÁNEO,2018-06-25,2018
99.6,2.0,10.0,7.3,14.0,2400.0,3.0,6.009476,0.026968,0.05094,431.6564,82.87827002886817,A,OCRBR5069M1,OCRBR5069M1-181118,SUBTERRÁNEO,2018-12-20,2018
97.8,2.0,10.0,7.91,10.0,1100.0,460.0,1.9436,0.0377,1.0474,244.0,15.6821742854848,EC,OCRBR5070M1,OCRBR5070M1-041112,LÓTICO,2013-01-15,2013
110.0,2.0,10.0,8.05,10.0,4.0,3.0,3.2767,0.0731,0.745,250.0,76.59448582897899,A,OCRBR5070M1,OCRBR5070M1-231212,LÓTICO,2013-01-24,2013
98.4,2.0,10.0,7.07,10.0,2400.0,93.0,1.5064,0.7081,0.727,262.0,70.04114586712458,A,OCRBR5070M1,OCRBR5070M1-170313,LÓTICO,2013-03-13,2013
69.1,2.0,10.0,7.15,10.0,2400.0,2400.0,2.0421,2.0879,1.402,268.0,13.174660752839829,EC,OCRBR5070M1,OCRBR5070M1-050513,LÓTICO,2013-05-03,2013
77.8,2.0,10.0,6.95,10.0,2400.0,1100.0,4.0193,0.1204,1.5495,264.0,14.520119023411702,EC,OCRBR5070M1,OCRBR5070M1-070713,LÓTICO,2013-07-04,2013
100.8,2.0,10.0,7.33,10.0,230.0,30.0,4.098,0.22,1.3068,332.0,16.563111611711804,EC,OCRBR5070M1,OCRBR5070M1-090314,LÓTICO,2014-03-04,2014
102.6,2.0,10.0,8.1,13.0,2400.0,930.0,0.48,0.066,0.019,181.0,83.04487526738502,A,OCRBR5070M1,OCRBR5070M1-191014,LÓTICO,2014-10-16,2014
96.1,2.3,10.0,7.8,10.0,30.0,30.0,1.3402,0.2155,0.4305,259.0,81.96725287711669,A,OCRBR5070M1,OCRBR5070M1-150215,LÓTICO,2015-02-12,2015
109.4,2.0,13.0,8.1,10.0,930.0,230.0,2.4771,0.1906,0.7672,276.29,67.1002109556508,LC,OCRBR5070M1,OCRBR5070M1-030515,LÓTICO,2015-04-23,2015
110.2,2.0,13.0,8.6,12.0,4600.0,2400.0,1.2296,0.2229,0.3124,276.0,70.69766672777422,A,OCRBR5070M1,OCRBR5070M1-070615,LÓTICO,2015-06-04,2015
96.5,2.0,10.0,8.1,10.0,150.0,70.0,0.7761,0.0814,0.1204,216.0,88.03872474397994,A,OCRBR5070M1,OCRBR5070M1-120715,LÓTICO,2015-07-07,2015
100.1,2.79,10.0,8.6,10.0,24000.0,4600.0,0.296787,0.248513,0.0015,251.17,71.35938124464849,A,OCRBR5070M1,OCRBR5070M1-140816,LÓTICO,2016-08-08,2016
99.7,2.0,10.0,7.2,10.0,30.0,30.0,1.88847,2.349018,0.270793,267.65,80.11278970328246,A,OCRBR5070M1,OCRBR5070M1-180916,LÓTICO,2016-09-12,2016
69.7,2.0,12.39,7.8,10.7,1500.0,90.0,4.94197,0.23835,1.57108,290.455,15.090309379244754,EC,OCRBR5070M1,OCRBR5070M1-210118,LÓTICO,2018-01-16,2018
82.9,2.0,15.37,7.6,30.33,11000.0,2100.0,2.666939,2.442603,1.17547,319.505,12.788981882293513,EC,OCRBR5070M1,OCRBR5070M1-250218,LÓTICO,2018-02-21,2018
104.3,2.0,10.0,7.9,10.0,90.0,40.0,4.444852,0.099063,0.70266,253.644,76.05393846738063,A,OCRBR5070M1,OCRBR5070M1-281018,LÓTICO,2018-10-29,2018
100.8,2.0,10.0,7.7,10.0,11000.0,4600.0,3.635347,0.05987,1.0464,257.18,14.303743220045645,EC,OCRBR5070M1,OCRBR5070M1-021218,LÓTICO,2018-11-30,2018
107.8,2.0,10.0,7.6,10.0,2400.0,2613.0,8.373294,0.07148,1.00923,277.088,14.78265547700064,EC,OCRBR5070M1,OCRBR5070M1-111020,LÓTICO,2020-10-05,2020
99.6,2.0,10.0,7.87,16.0,2400.0,43.0,0.2478,0.1413,0.002,244.0,89.11919776778805,A,OCRBR5071M1,OCRBR5071M1-231212,LÉNTICO,2013-01-09,2013
99.6,2.0,10.0,7.87,10.0,2400.0,3.0,0.3936,0.0526,0.025,228.0,89.83694229099424,A,OCRBR5071M1,OCRBR5071M1-210413,LÉNTICO,2013-04-15,2013
99.6,2.0,10.0,7.87,10.0,2400.0,30.0,0.8181,0.0969,0.0323,214.0,89.22932165513849,A,OCRBR5071M1,OCRBR5071M1-131013,LÉNTICO,2013-10-11,2013
99.6,2.0,10.0,7.87,13.0,2400.0,30.0,0.702,0.052,0.01,334.0,86.96350067033514,A,OCRBR5071M1,OCRBR5071M1-090314,LÉNTICO,2014-03-05,2014
99.6,2.0,10.0,7.87,11.0,2400.0,90.0,0.117,0.055,0.005,183.0,89.36433144832378,A,OCRBR5071M1,OCRBR5071M1-310814,LÉNTICO,2014-08-25,2014
99.6,2.0,10.0,7.87,10.0,2400.0,90.0,0.6995,0.0864,0.0204,226.0,87.81965848300993,A,OCRBR5071M1,OCRBR5071M1-220215,LÉNTICO,2015-02-20,2015
99.6,2.0,10.0,7.87,10.0,2400.0,90.0,0.031,0.0468,0.0149,178.0,89.1533328806493,A,OCRBR5071M1,OCRBR5071M1-140615,LÉNTICO,2015-06-05,2015
99.6,2.0,14.8,7.87,10.0,2400.0,30.0,0.031,0.060959,0.003211,201.97,90.52472738655386,E,OCRBR5071M1,OCRBR5071M1-020417,LÉNTICO,2017-03-31,2017
99.6,2.0,10.0,7.87,10.0,2400.0,70.0,0.031,0.068775,0.004108,199.58,89.50644828125733,A,OCRBR5071M1,OCRBR5071M1-011017,LÉNTICO,2017-09-27,2017
99.6,2.0,10.0,7.87,10.0,2400.0,140.0,0.324221,0.060042,0.010885,229.98,86.63767533359031,A,OCRBR5071M1,OCRBR5071M1-060518,LÉNTICO,2018-03-09,2018
99.6,2.0,10.0,7.87,10.0,2400.0,430.0,0.031,0.035821,0.015481,189.37,84.91471606700117,A,OCRBR5071M1,OCRBR5071M1-080718,LÉNTICO,2018-07-06,2018
99.6,2.0,10.0,7.87,10.0,2400.0,30.0,0.428398,0.054732,0.02168,253.64,88.65453490072304,A,OCRBR5071M1,OCRBR5071M1-170219,LÉNTICO,2019-02-15,2019
99.6,2.0,10.0,7.87,10.0,2400.0,1401.0,0.031,0.058781,0.007056,135.28,84.43423982918274,A,OCRBR5071M1,OCRBR5071M1-300820,LÉNTICO,2020-08-30,2020
99.6,2.0,10.0,7.8,10.0,2400.0,3.0,0.3178,0.1045,0.016,224.0,90.36340770237922,E,OCRBR5072M1,OCRBR5072M1-210413,LÉNTICO (HUMEDAL),2013-04-15,2013
99.6,2.0,10.0,7.8,10.0,2400.0,30.0,0.5662,0.0969,0.0876,196.0,88.27923441286829,A,OCRBR5072M1,OCRBR5072M1-131013,LÉNTICO (HUMEDAL),2013-10-11,2013
99.6,2.0,11.0,7.8,10.0,2400.0,30.0,0.606,0.05,0.004,276.0,88.76723694834922,A,OCRBR5072M1,OCRBR5072M1-090314,LÉNTICO (HUMEDAL),2014-03-05,2014
99.6,2.0,10.0,7.8,16.0,2400.0,90.0,0.121,0.183,0.009,182.0,89.12196206268753,A,OCRBR5072M1,OCRBR5072M1-310814,LÉNTICO (HUMEDAL),2014-08-25,2014
99.6,2.0,10.0,7.8,10.0,2400.0,2400.0,0.6522,0.0863,0.014,226.0,81.70527361582062,A,OCRBR5072M1,OCRBR5072M1-220215,LÉNTICO (HUMEDAL),2015-02-20,2015
99.6,2.0,10.0,7.8,27.86,2400.0,2400.0,0.031,0.072581,0.0034,181.62,82.66278727543218,A,OCRBR5072M1,OCRBR5072M1-310716,LÉNTICO (HUMEDAL),2016-09-04,2016
99.6,2.0,13.2,7.8,10.0,2400.0,30.0,0.031,0.048043,0.003181,200.03,90.69178218550934,E,OCRBR5072M1,OCRBR5072M1-020417,LÉNTICO (HUMEDAL),2017-03-31,2017
99.6,2.0,10.0,7.8,10.0,2400.0,750.0,0.031,0.062427,0.002709,205.5,84.13279940646953,A,OCRBR5072M1,OCRBR5072M1-011017,LÉNTICO (HUMEDAL),2017-09-27,2017
99.6,2.0,10.0,7.8,10.0,2400.0,430.0,0.293534,0.045435,0.010722,228.0,84.31908586183198,A,OCRBR5072M1,OCRBR5072M1-060518,LÉNTICO (HUMEDAL),2018-03-09,2018
99.6,2.0,10.0,7.8,10.0,2400.0,2400.0,0.031,0.031757,0.023761,191.28,82.13936862162305,A,OCRBR5072M1,OCRBR5072M1-080718,LÉNTICO (HUMEDAL),2018-07-06,2018
99.6,2.0,10.0,7.8,10.0,2400.0,30.0,0.448498,0.031838,0.073906,215.14,88.1410716224927,A,OCRBR5072M1,OCRBR5072M1-111118,LÉNTICO (HUMEDAL),2018-11-08,2018
99.6,2.0,10.0,7.8,10.0,2400.0,30.0,0.384727,0.01498,0.02592,239.66,88.97881085756414,A,OCRBR5072M1,OCRBR5072M1-170219,LÉNTICO (HUMEDAL),2019-02-15,2019
99.6,2.0,10.0,7.8,10.0,2400.0,23.0,0.2658,0.0858,0.008,244.0,89.67075182470656,A,OCRBR5073M1,OCRBR5073M1-210413,LÉNTICO (HUMEDAL),2013-04-15,2013
99.6,2.0,16.0,7.8,17.0,2400.0,30.0,0.629,0.077,0.002,320.0,87.66772064712654,A,OCRBR5073M1,OCRBR5073M1-090314,LÉNTICO (HUMEDAL),2014-03-05,2014
99.6,2.0,10.0,7.8,10.0,2400.0,40.0,0.134,0.225,0.006,179.0,90.49618631481954,E,OCRBR5073M1,OCRBR5073M1-310814,LÉNTICO (HUMEDAL),2014-08-25,2014
99.6,2.0,10.0,7.8,10.0,2400.0,430.0,0.7293,0.1591,0.0191,218.0,84.09557207897572,A,OCRBR5073M1,OCRBR5073M1-220215,LÉNTICO (HUMEDAL),2015-02-20,2015
99.6,2.0,10.0,7.8,12.0,2400.0,30.0,0.031,0.0826,0.0163,184.0,90.66483806112427,E,OCRBR5073M1,OCRBR5073M1-140615,LÉNTICO (HUMEDAL),2015-06-05,2015
99.6,2.0,11.1,7.8,10.0,2400.0,30.0,0.031,0.050335,0.007472,199.0,90.57486216993784,E,OCRBR5073M1,OCRBR5073M1-270316,LÉNTICO (HUMEDAL),2016-03-23,2016
99.6,2.0,10.0,7.8,34.84,2400.0,1500.0,0.031,0.067545,0.002715,179.6,82.96055976711085,A,OCRBR5073M1,OCRBR5073M1-310716,LÉNTICO (HUMEDAL),2016-09-04,2016
99.6,2.0,10.0,7.8,10.0,2400.0,30.0,0.031,0.040008,0.0015,219.45,90.3091638449081,E,OCRBR5073M1,OCRBR5073M1-020417,LÉNTICO (HUMEDAL),2017-03-31,2017
99.6,2.0,10.0,7.8,14.67,2400.0,430.0,0.031,0.060844,0.002121,207.48,85.03756469462354,A,OCRBR5073M1,OCRBR5073M1-011017,LÉNTICO (HUMEDAL),2017-09-27,2017
99.6,2.0,10.0,7.8,10.0,2400.0,110.0,0.248032,0.048176,0.017494,245.84,87.01236563357695,A,OCRBR5073M1,OCRBR5073M1-060518,LÉNTICO (HUMEDAL),2018-03-09,2018
99.6,2.0,10.0,7.8,13.33,2400.0,30.0,0.0366,0.067294,0.021611,202.76,89.99302142931491,A,OCRBR5073M1,OCRBR5073M1-080718,LÉNTICO (HUMEDAL),2018-07-06,2018
99.6,2.0,10.0,7.8,10.0,2400.0,70.0,0.530681,0.028323,0.039441,238.83,87.47670294096136,A,OCRBR5073M1,OCRBR5073M1-111118,LÉNTICO (HUMEDAL),2018-11-08,2018
99.6,2.0,10.0,7.8,10.0,2400.0,30.0,0.406794,0.038051,0.024624,261.63,88.45906512957764,A,OCRBR5073M1,OCRBR5073M1-170219,LÉNTICO (HUMEDAL),2019-02-15,2019
99.6,2.0,10.0,7.8,10.0,2400.0,1439.0,0.044117,0.085187,0.007191,167.11,83.84827475749363,A,OCRBR5073M1,OCRBR5073M1-300820,LÉNTICO (HUMEDAL),2020-08-30,2020
99.6,2.0,10.0,7.8,15.0,2400.0,23.0,0.3519,0.0845,0.007,234.0,89.95370220695746,A,OCRBR5074M1,OCRBR5074M1-210413,LÉNTICO (HUMEDAL),2013-04-15,2013
99.6,2.0,10.0,7.8,18.0,2400.0,30.0,0.529,0.042,0.003,280.0,88.68427927128984,A,OCRBR5074M1,OCRBR5074M1-090314,LÉNTICO (HUMEDAL),2014-03-05,2014
99.6,2.0,12.0,7.8,10.0,2400.0,230.0,0.18,0.021,0.004,183.0,86.11741366682207,A,OCRBR5074M1,OCRBR5074M1-310814,LÉNTICO (HUMEDAL),2014-08-25,2014
99.6,2.0,10.0,7.8,10.0,2400.0,230.0,0.7183,0.0885,0.0088,232.0,84.8421807423369,A,OCRBR5074M1,OCRBR5074M1-220215,LÉNTICO (HUMEDAL),2015-02-20,2015
99.6,2.0,10.0,7.8,10.0,2400.0,430.0,0.031,0.0701,0.0111,175.0,85.51860801888395,A,OCRBR5074M1,OCRBR5074M1-140615,LÉNTICO (HUMEDAL),2015-06-05,2015
99.6,2.0,10.0,7.8,24.67,2400.0,930.0,0.031,0.070782,0.0015,175.57,84.1198427829862,A,OCRBR5074M1,OCRBR5074M1-310716,LÉNTICO (HUMEDAL),2016-09-04,2016
99.6,2.0,10.0,7.8,10.0,2400.0,30.0,0.031,0.033723,0.0015,203.91,90.66239310233226,E,OCRBR5074M1,OCRBR5074M1-020417,LÉNTICO (HUMEDAL),2017-03-31,2017
99.6,2.0,10.0,7.8,10.0,2400.0,230.0,0.263575,0.025128,0.013025,235.93,84.61508882218698,A,OCRBR5074M1,OCRBR5074M1-060518,LÉNTICO (HUMEDAL),2018-03-09,2018
99.6,2.0,10.0,7.8,12.33,2400.0,30.0,0.031,0.089391,0.020028,193.19,90.29272450392462,E,OCRBR5074M1,OCRBR5074M1-080718,LÉNTICO (HUMEDAL),2018-07-06,2018
99.6,2.0,10.0,7.8,10.0,2400.0,30.0,0.410642,0.023051,0.026523,221.07,89.40234731797688,A,OCRBR5074M1,OCRBR5074M1-111118,LÉNTICO (HUMEDAL),2018-11-08,2018
99.6,2.0,10.0,7.8,10.0,2400.0,30.0,0.354174,0.017483,0.021769,241.66,89.07802406562737,A,OCRBR5074M1,OCRBR5074M1-170219,LÉNTICO (HUMEDAL),2019-02-15,2019
99.6,2.0,10.0,7.8,10.0,2400.0,990.0,0.031,0.059848,0.004459,145.23,84.71398061852258,A,OCRBR5074M1,OCRBR5074M1-300820,LÉNTICO (HUMEDAL),2020-08-30,2020
81.7,2.0,10.0,7.42,10.0,2400.0,2400.0,0.493,0.0035,0.0015,372.0,76.7371159103708,A,OCRBR5075M1,OCRBR5075M1-301212,LÓTICO,2013-01-18,2013
64.0,2.0,10.0,8.07,29.0,2400.0,1100.0,0.814,0.102,0.0156,241.0,75.31434578374251,A,OCRBR5075M1,OCRBR5075M1-260513,LÓTICO,2013-05-22,2013
65.8,2.77,10.0,6.69,20.0,11000.0,4600.0,1.537,0.353,0.041,322.0,67.90382835961599,LC,OCRBR5075M1,OCRBR5075M1-160214,LÓTICO,2014-02-13,2014
82.0,2.0,10.0,7.3,20.0,3448.0,3448.0,1.263,0.164,0.0015,294.0,77.09825172090481,A,OCRBR5075M1,OCRBR5075M1-300314,LÓTICO,2014-03-26,2014
86.6,2.0,10.0,7.6,12.0,11000.0,11000.0,0.525,0.069,0.029,242.0,72.13710291448135,A,OCRBR5075M1,OCRBR5075M1-220614,LÓTICO,2014-06-18,2014
93.5,2.0,10.0,7.7,10.0,3893.0,3255.0,2.0739,0.191859,0.0015,276.0,78.74540686004725,A,OCRBR5075M1,OCRBR5075M1-010315,LÓTICO,2015-02-25,2015
97.9,2.0,10.0,9.1,10.0,24196.0,3873.0,2.439561,0.095753,0.0288,326.0,67.21174549326699,LC,OCRBR5075M1,OCRBR5075M1-120415,LÓTICO,2015-04-08,2015
76.03,2.0,10.0,7.6,10.0,17329.0,2247.0,2.363713,0.055593,0.0015,326.0,71.2343243843502,A,OCRBR5075M1,OCRBR5075M1-160815,LÓTICO,2015-08-13,2015
61.2,2.0,10.0,8.4,10.0,14136.0,8164.0,2.18583,0.02361,0.073,308.88,64.34548870328892,LC,OCRBR5075M1,OCRBR5075M1-270915,LÓTICO,2015-10-28,2015
53.7,2.0,10.0,8.6,10.0,11199.0,1210.0,1.3626,0.104,0.0015,270.0,69.0899901479139,LC,OCRBR5075M1,OCRBR5075M1-060316,LÓTICO,2016-03-03,2016
69.2,2.0,10.0,7.0,10.0,14136.0,2987.0,0.9655,0.0597,0.036,268.0,71.09739539747942,A,OCRBR5075M1,OCRBR5075M1-030716,LÓTICO,2016-07-03,2016
87.0,2.0,10.0,7.9,10.0,7701.0,1019.0,0.828673,0.0532,0.055,330.0,75.41670992307826,A,OCRBR5075M1,OCRBR5075M1-140816,LÓTICO,2016-08-10,2016
67.0,2.0,10.0,8.3,10.0,11000.0,2400.0,0.645,0.0035,0.0015,250.0,72.76416710957862,A,OCRBR5075M1,OCRBR5075M1-250617,LÓTICO,2017-07-12,2017
61.0,2.0,10.0,8.1,10.0,24000.0,4600.0,0.555,0.0035,0.0095,262.0,66.3602326510687,LC,OCRBR5075M1,OCRBR5075M1-230717,LÓTICO,2017-08-18,2017
79.8,2.0,10.0,7.8,10.0,24000.0,11000.0,2.072,0.259,0.0015,303.0,65.80321239066394,LC,OCRBR5075M1,OCRBR5075M1-081017,LÓTICO,2017-10-18,2017
58.0,2.0,10.0,7.61,17.0,2400.0,2400.0,0.8095,2.0404,0.471,244.0,60.27127440869288,LC,OCRBR5076M1,OCRBR5076M1-150913,LÓTICO,2013-09-13,2013
88.8,2.0,10.0,7.98,53.0,11000.0,4600.0,1.021,0.155,0.217,265.0,69.24320690603835,LC,OCRBR5076M1,OCRBR5076M1-250813,LÓTICO,2013-11-08,2013
63.2,2.0,10.0,8.2,19.0,11000.0,4600.0,3.523,0.068,0.0432,282.0,68.42035955207379,LC,OCRBR5076M1,OCRBR5076M1-190317,LÓTICO,2017-03-16,2017
62.6,2.0,10.0,7.8,10.0,1500.0,750.0,1.722,1.523,0.5659,247.0,62.43746314080631,LC,OCRBR5076M1,OCRBR5076M1-081017,LÓTICO,2017-10-18,2017
73.0,2.0,10.0,7.7,14.0,4.0,3.0,0.74,1.612,0.2877,218.0,79.60229767718195,A,OCRBR5076M1,OCRBR5076M1-100319,LÓTICO,2019-03-05,2019
113.3,2.0,10.0,7.8,12.0,24196.0,389.0,0.147,0.036,0.012,205.0,76.93425864643883,A,OCRBR5077M1,OCRBR5077M1-300314,LÓTICO,2014-03-26,2014
101.3,2.0,10.0,8.0,10.0,24000.0,4600.0,0.147,0.0035,0.018,193.0,73.54062106069911,A,OCRBR5077M1,OCRBR5077M1-180514,LÓTICO,2014-05-13,2014
98.2,2.0,10.0,8.2,10.0,4600.0,4600.0,0.135,0.036,0.012,222.0,78.73553186898616,A,OCRBR5077M1,OCRBR5077M1-220614,LÓTICO,2014-06-18,2014
99.9,2.0,10.0,8.1,32.0,631.0,262.0,0.4023,0.228801,0.0015,183.0,85.85658634448683,A,OCRBR5077M1,OCRBR5077M1-010315,LÓTICO,2015-02-25,2015
103.8,2.0,10.0,9.2,10.0,3873.0,860.0,0.469626,0.066722,0.0015,188.0,79.03143208978004,A,OCRBR5077M1,OCRBR5077M1-120415,LÓTICO,2015-04-08,2015
83.9,2.0,10.0,7.5,10.0,7701.0,2143.0,0.247813,0.050917,0.0015,183.0,79.67151376318856,A,OCRBR5077M1,OCRBR5077M1-240515,LÓTICO,2015-05-20,2015
96.7,2.0,10.0,7.7,10.0,5475.0,1664.0,0.23741,0.200312,0.0708,182.0,79.91815525944116,A,OCRBR5077M1,OCRBR5077M1-050715,LÓTICO,2015-07-01,2015
62.1,2.0,10.0,8.1,10.0,1483.0,785.0,0.31411,0.060817,0.052,166.32,76.57524749703857,A,OCRBR5077M1,OCRBR5077M1-270915,LÓTICO,2015-10-28,2015
62.6,2.0,10.0,8.2,10.0,1723.0,521.0,0.0954,0.0421,0.0015,168.0,78.69467672186798,A,OCRBR5077M1,OCRBR5077M1-060316,LÓTICO,2016-03-02,2016
85.1,2.0,10.0,7.7,10.0,1789.0,703.0,0.1177,0.1206,0.0015,190.0,82.9947981752615,A,OCRBR5077M1,OCRBR5077M1-100416,LÓTICO,2016-04-07,2016
83.8,2.0,10.0,7.6,10.0,8164.0,5475.0,0.079721,0.076858,0.0015,224.0,76.414888404734,A,OCRBR5077M1,OCRBR5077M1-030716,LÓTICO,2016-08-10,2016
89.6,2.0,10.0,7.9,10.0,5172.0,52.0,0.572,0.119,0.018,185.0,87.37369228033123,A,OCRBR5077M1,OCRBR5077M1-140816,LÓTICO,2016-10-26,2016
74.8,2.0,10.0,8.3,10.0,4600.0,2100.0,0.856,0.014,0.0015,189.0,77.5515406442932,A,OCRBR5077M1,OCRBR5077M1-190317,LÓTICO,2017-03-16,2017
75.0,2.0,37.22,8.2,10.0,24000.0,11000.0,0.034,0.109,0.0015,188.0,66.3090330691372,LC,OCRBR5077M1,OCRBR5077M1-230717,LÓTICO,2017-08-18,2017
83.1,2.0,10.0,7.8,10.0,11000.0,2100.0,0.118,0.127,0.0015,200.0,77.57911380703952,A,OCRBR5077M1,OCRBR5077M1-030917,LÓTICO,2017-09-18,2017
83.1,2.0,10.0,7.46,10.0,460.0,460.0,1.0639,0.1,0.08,239.0,81.6226894540071,A,OCRBR5078M1,OCRBR5078M1-021212,LÓTICO,2012-12-19,2012
80.4,2.0,10.0,7.4,10.0,93.0,23.0,1.5783,0.0089,0.029,240.0,90.28712040214744,E,OCRBR5078M1,OCRBR5078M1-041112,LÓTICO,2013-01-15,2013
88.3,2.0,10.0,7.39,10.0,3.0,3.0,1.3777,0.0314,0.005,241.0,94.81067973010042,E,OCRBR5078M1,OCRBR5078M1-231212,LÓTICO,2013-01-24,2013
89.2,2.0,10.0,7.02,10.0,2400.0,93.0,0.9653,0.0935,0.007,252.0,86.3405593600277,A,OCRBR5078M1,OCRBR5078M1-170313,LÓTICO,2013-03-13,2013
51.7,2.0,10.0,7.25,34.0,2400.0,2400.0,0.6529,1.6827,0.0136,272.0,67.2683169415111,LC,OCRBR5078M1,OCRBR5078M1-050513,LÓTICO,2013-05-03,2013
69.5,2.0,10.0,6.73,10.0,2400.0,240.0,1.5095,0.0457,0.0136,254.0,78.35878515869854,A,OCRBR5078M1,OCRBR5078M1-070713,LÓTICO,2013-07-04,2013
96.2,2.0,10.0,7.16,10.0,4600.0,4600.0,0.8791,0.1131,0.008,206.0,79.79978358563459,A,OCRBR5078M1,OCRBR5078M1-131013,LÓTICO,2013-10-07,2013
103.7,2.0,10.0,8.1,10.0,4600.0,4600.0,0.5102,0.0941,0.0215,203.0,78.98163178268685,A,OCRBR5078M1,OCRBR5078M1-150215,LÓTICO,2015-02-12,2015
118.2,2.0,10.0,8.1,10.0,4600.0,4600.0,0.6347,0.041,0.0165,236.0,77.69507592932004,A,OCRBR5078M1,OCRBR5078M1-290315,LÓTICO,2015-03-23,2015
103.7,2.0,10.0,7.9,10.0,750.0,230.0,0.7947,0.0332,0.0172,218.99,85.51090226602145,A,OCRBR5078M1,OCRBR5078M1-030515,LÓTICO,2015-04-23,2015
103.2,2.0,10.0,7.9,10.0,430.0,70.0,0.64776,0.0362,0.07419,226.52,88.11793635439388,A,OCRBR5078M1,OCRBR5078M1-230417,LÓTICO,2017-04-21,2017
109.2,2.0,10.0,7.4,10.0,2400.0,2400.0,0.685137,0.255581,0.02959,243.79,80.54373335240722,A,OCRBR5078M1,OCRBR5078M1-160717,LÓTICO,2017-07-14,2017
86.7,2.0,10.0,7.3,10.0,430.0,70.0,0.58712,0.30286,0.03233,252.2,87.06683667951599,A,OCRBR5078M1,OCRBR5078M1-270817,LÓTICO,2017-08-22,2017
100.0,2.0,10.0,7.8,10.0,11000.0,4600.0,0.89639,0.0805,0.0015,201.55,78.29285901316797,A,OCRBR5078M1,OCRBR5078M1-081017,LÓTICO,2017-10-03,2017
88.3,2.0,10.0,7.9,10.0,1100.0,1100.0,0.75244,0.18587,0.0305,212.621,80.97179518182675,A,OCRBR5078M1,OCRBR5078M1-210118,LÓTICO,2018-01-16,2018
100.1,2.0,10.0,8.1,10.0,4600.0,1198.0,0.509706,0.045569,0.02659,190.003,81.50928331524408,A,OCRBR5078M1,OCRBR5078M1-111020,LÓTICO,2020-10-05,2020
91.7,2.0,10.0,7.61,10.0,460.0,150.0,1.2676,0.16,0.15,248.0,83.05192727036314,A,OCRBR5079M1,OCRBR5079M1-021212,LÓTICO,2012-12-19,2012
101.1,2.0,10.0,7.21,10.0,2400.0,930.0,0.898,0.155,0.036,272.0,81.13473713768522,A,OCRBR5079M1,OCRBR5079M1-090314,LÓTICO,2014-03-04,2014
99.7,2.7,10.0,7.1,10.0,11000.0,930.0,0.638,0.05,0.013,216.0,80.24814397285462,A,OCRBR5079M1,OCRBR5079M1-200414,LÓTICO,2014-04-15,2014
106.3,2.5,10.0,7.9,10.0,11000.0,2400.0,0.696,0.231,0.032,222.0,77.55682105944466,A,OCRBR5079M1,OCRBR5079M1-010614,LÓTICO,2014-05-30,2014
104.5,2.0,10.0,7.9,10.0,24000.0,230.0,1.294,0.065,0.077,227.0,75.45549756021038,A,OCRBR5079M1,OCRBR5079M1-140914,LÓTICO,2014-09-10,2014
103.2,2.0,10.0,7.5,10.0,1500.0,390.0,0.548,0.067,0.02,188.0,85.73454260189101,A,OCRBR5079M1,OCRBR5079M1-191014,LÓTICO,2014-10-16,2014
99.4,2.0,10.0,7.9,10.0,930.0,430.0,0.7826,0.0698,0.0145,209.0,85.07749449191371,A,OCRBR5079M1,OCRBR5079M1-290315,LÓTICO,2015-03-23,2015
102.5,2.0,10.0,8.1,10.0,2400.0,230.0,0.7823,0.0647,0.0086,221.03,84.49197937142455,A,OCRBR5079M1,OCRBR5079M1-030515,LÓTICO,2015-04-23,2015
96.5,2.0,10.0,7.6,10.0,4600.0,4600.0,0.6375,0.0881,0.0086,205.0,79.94461405631156,A,OCRBR5079M1,OCRBR5079M1-120715,LÓTICO,2015-07-07,2015
130.5,2.0,10.0,8.1,10.0,230.0,230.0,0.72201,0.06735,0.01166,217.71,82.42574978441003,A,OCRBR5079M1,OCRBR5079M1-120317,LÓTICO,2017-03-06,2017
122.9,2.0,10.0,8.1,10.0,230.0,90.0,0.65868,0.05659,0.04867,228.51,86.31802152090161,A,OCRBR5079M1,OCRBR5079M1-230417,LÓTICO,2017-04-21,2017
139.5,2.0,10.0,7.8,10.0,2400.0,430.0,0.893398,0.042583,0.06553,241.88,75.55008069066521,A,OCRBR5079M1,OCRBR5079M1-160717,LÓTICO,2017-07-14,2017
76.8,2.0,10.0,7.6,10.0,2400.0,930.0,0.80465,0.04547,0.04162,246.38,78.2365190056701,A,OCRBR5079M1,OCRBR5079M1-270817,LÓTICO,2017-08-22,2017
104.7,2.0,10.0,7.9,10.0,4600.0,4600.0,0.93656,0.1499,0.01087,205.5,79.3961592321793,A,OCRBR5079M1,OCRBR5079M1-081017,LÓTICO,2017-10-03,2017
95.8,2.0,10.0,7.7,10.0,4600.0,4600.0,0.767,0.16054,0.02906,212.621,78.76738274624267,A,OCRBR5079M1,OCRBR5079M1-210118,LÓTICO,2018-01-16,2018
114.8,2.0,10.0,7.8,10.0,930.0,930.0,0.786842,0.173166,0.04097,222.095,81.63378070146274,A,OCRBR5079M1,OCRBR5079M1-250218,LÓTICO,2018-02-21,2018
105.8,2.0,10.0,7.8,10.0,4600.0,4600.0,0.575152,0.176868,0.02432,235.272,78.39363751336757,A,OCRBR5079M1,OCRBR5079M1-010418,LÓTICO,2018-03-26,2018
124.5,2.0,10.0,8.1,10.0,2400.0,2400.0,0.650105,0.070833,0.02994,215.984,78.78710504821316,A,OCRBR5079M1,OCRBR5079M1-021218,LÓTICO,2018-11-30,2018
108.3,2.0,10.0,8.0,10.0,3500.0,605.0,0.573404,0.007197,0.02055,188.024,83.21505782310933,A,OCRBR5079M1,OCRBR5079M1-111020,LÓTICO,2020-10-05,2020
65.5,2.0,10.0,7.5,10.0,959.0,414.0,0.573244,0.049788,0.081,352.44,74.89901649186316,A,OCRBR5080M1,OCRBR5080M1-270915,LÓTICO,2015-10-28,2015
65.2,2.0,10.0,7.8,10.0,1918.0,605.0,0.6063,0.0301,0.0015,392.0,74.63743684721011,A,OCRBR5080M1,OCRBR5080M1-060316,LÓTICO,2016-03-02,2016
93.6,2.0,10.0,7.3,10.0,1374.0,473.0,0.5856,0.1487,0.0015,418.0,79.75259467211026,A,OCRBR5080M1,OCRBR5080M1-100416,LÓTICO,2016-04-07,2016
71.8,2.0,10.0,6.8,10.0,1935.0,1022.0,0.4205,0.0666,0.033,487.0,70.31347507655083,A,OCRBR5080M1,OCRBR5080M1-030716,LÓTICO,2016-07-03,2016
64.0,2.0,10.0,8.2,10.0,3076.0,1145.0,0.444335,0.072012,0.028,493.0,68.17749170249566,LC,OCRBR5080M1,OCRBR5080M1-140816,LÓTICO,2016-08-11,2016
57.3,2.0,10.0,7.9,10.0,24000.0,11000.0,1.081,0.098,0.0015,380.0,61.02500893219091,LC,OCRBR5080M1,OCRBR5080M1-190317,LÓTICO,2017-03-15,2017
93.4,2.0,10.0,8.0,12.0,2613.0,3.0,4.008,0.0035,0.0015,276.0,87.5578371846301,A,OCRBR5080M1,OCRBR5080M1-041020,LÓTICO,2020-09-29,2020
99.6,2.0,10.0,6.78,14.0,2400.0,3.0,0.3793,0.0474,0.05094,378.0,84.56245207118461,A,OCRBR5081M1,OCRBR5081M1-041112,SUBTERRÁNEO,2012-11-16,2012
99.6,2.0,10.0,7.11,14.0,2400.0,3.0,0.4164,0.045,0.05094,392.0,84.8798057683272,A,OCRBR5081M1,OCRBR5081M1-120513,SUBTERRÁNEO,2013-05-10,2013
99.6,2.0,10.0,6.9,14.0,2400.0,30.0,0.031,0.017,0.05094,410.0,83.26167064671203,A,OCRBR5081M1,OCRBR5081M1-090314,SUBTERRÁNEO,2014-06-12,2014
99.6,2.0,10.0,7.3,14.0,2400.0,3.0,2.6642,0.086,0.05094,378.0,85.14926549493293,A,OCRBR5081M1,OCRBR5081M1-030515,SUBTERRÁNEO,2015-04-29,2015
99.6,2.0,10.0,7.2,14.0,2400.0,3.0,3.2779,0.05819,0.05094,379.62,84.78313669327063,A,OCRBR5081M1,OCRBR5081M1-280517,SUBTERRÁNEO,2017-05-25,2017
99.6,2.0,10.0,7.3,14.0,2400.0,3.0,3.621043,0.079038,0.05094,368.2098,85.21318642019877,A,OCRBR5081M1,OCRBR5081M1-180218,SUBTERRÁNEO,2018-02-16,2018
99.6,2.0,10.0,8.2,14.0,2400.0,4.0,1.514706,0.037157,0.05094,355.284,84.88322335536921,A,OCRBR5081M1,OCRBR5081M1-111118,SUBTERRÁNEO,2018-11-09,2018
105.1,2.0,10.0,8.18,10.0,43.0,23.0,0.4491,0.0678,0.0167,350.0,90.33065565300782,E,OCRBR5082M1,OCRBR5082M1-111112,LÓTICO,2012-11-28,2012
105.0,2.0,10.0,7.78,10.0,23.0,15.0,0.3343,0.0669,0.012,332.0,92.19954804257772,E,OCRBR5082M1,OCRBR5082M1-021212,LÓTICO,2013-01-15,2013
101.3,2.0,10.0,7.42,10.0,43.0,15.0,0.4044,0.1019,0.008,351.0,92.41188166551694,E,OCRBR5082M1,OCRBR5082M1-231212,LÓTICO,2013-01-30,2013
108.3,2.0,10.0,7.59,10.0,23.0,23.0,0.4273,0.0878,0.026,370.0,90.60852656916333,E,OCRBR5082M1,OCRBR5082M1-170313,LÓTICO,2013-03-12,2013
98.4,2.0,10.0,7.75,10.0,240.0,93.0,0.3458,0.0548,0.091,374.0,84.00164753972395,A,OCRBR5082M1,OCRBR5082M1-050513,LÓTICO,2013-04-29,2013
98.9,2.0,10.0,7.31,10.0,93.0,93.0,0.1321,0.0596,0.0088,338.0,89.6850843231042,A,OCRBR5082M1,OCRBR5082M1-300613,LÓTICO,2013-06-26,2013
121.7,2.0,11.0,8.1,25.0,24000.0,230.0,0.797,0.28,0.004,311.0,73.39259848278304,A,OCRBR5082M1,OCRBR5082M1-200714,LÓTICO,2014-07-17,2014
125.7,2.0,10.0,8.3,106.0,40.0,40.0,0.778,0.053,0.005,315.0,85.18361293036814,A,OCRBR5082M1,OCRBR5082M1-191014,LÓTICO,2014-10-28,2014
99.9,2.0,10.0,8.2,10.0,40.0,40.0,0.6043,0.0834,0.0086,252.0,93.1163770475122,E,OCRBR5082M1,OCRBR5082M1-080315,LÓTICO,2015-03-05,2015
103.5,2.0,10.0,8.1,46.0,430.0,40.0,0.8431,0.0293,0.0127,300.85,87.1218889345041,A,OCRBR5082M1,OCRBR5082M1-190415,LÓTICO,2015-04-17,2015
106.2,2.0,10.0,8.0,35.0,24000.0,11000.0,0.6953,0.0426,0.0882,414.0,63.686376974256376,LC,OCRBR5082M1,OCRBR5082M1-310515,LÓTICO,2015-05-25,2015
105.8,2.0,10.0,7.4,10.0,930.0,930.0,0.7357,0.1546,0.0096,428.0,78.68396178060709,A,OCRBR5082M1,OCRBR5082M1-280615,LÓTICO,2015-06-26,2015
116.4,2.4,10.0,8.2,12.0,4600.0,430.0,0.5499,0.1069,0.009,285.0,80.54184154317537,A,OCRBR5082M1,OCRBR5082M1-090815,LÓTICO,2015-08-05,2015
99.0,2.0,10.0,7.3,10.0,4600.0,200.0,0.5928,0.0204,0.0086,300.0,82.68659464294049,A,OCRBR5082M1,OCRBR5082M1-130915,LÓTICO,2015-10-05,2015
98.2,2.0,12.7,8.1,10.0,230.0,40.0,0.374981,0.083365,0.020564,348.0,87.34076011124075,A,OCRBR5082M1,OCRBR5082M1-130316,LÓTICO,2016-03-08,2016
105.6,2.0,10.0,7.3,10.0,430.0,430.0,0.031,0.080403,0.004558,318.53,83.97971832147006,A,OCRBR5082M1,OCRBR5082M1-010516,LÓTICO,2016-04-28,2016
93.4,2.0,10.0,8.1,10.0,930.0,90.0,0.231658,0.081372,0.007541,325.3,85.27564907996879,A,OCRBR5082M1,OCRBR5082M1-100716,LÓTICO,2016-07-11,2016
93.2,2.0,10.0,7.8,10.0,230.0,90.0,0.213705,0.105242,0.0015,341.01,86.777438963351,A,OCRBR5082M1,OCRBR5082M1-140816,LÓTICO,2016-08-16,2016
104.4,2.0,10.0,7.9,10.0,90.0,30.0,0.362882,0.055054,0.005449,314.88,91.23353427369479,E,OCRBR5082M1,OCRBR5082M1-180916,LÓTICO,2016-09-18,2016
109.1,2.0,10.0,8.3,10.0,230.0,230.0,0.34381,0.04478,0.00952,346.79,82.51055621082463,A,OCRBR5082M1,OCRBR5082M1-040617,LÓTICO,2017-05-30,2017
106.7,2.0,10.0,8.0,10.0,230.0,40.0,0.280516,0.114958,0.01027,324.74,88.20963880888135,A,OCRBR5082M1,OCRBR5082M1-160717,LÓTICO,2017-07-12,2017
106.5,2.0,10.0,7.3,10.0,430.0,230.0,0.07264,0.04515,0.00486,671.24,23.508676858292464,FC,OCRBR5082M1,OCRBR5082M1-270817,LÓTICO,2017-08-24,2017
103.8,2.0,10.0,8.1,23.0,4600.0,930.0,0.24224,0.04986,0.00752,274.66,80.2054881056059,A,OCRBR5082M1,OCRBR5082M1-081017,LÓTICO,2017-10-04,2017
107.7,2.0,10.0,8.2,10.0,230.0,40.0,0.427911,0.034313,0.02385,313.918,87.60720640198893,A,OCRBR5082M1,OCRBR5082M1-210118,LÓTICO,2018-01-22,2018
104.4,2.0,10.0,7.6,10.0,90.0,40.0,0.42922,0.073327,0.00583,322.21,91.31278887996791,E,OCRBR5082M1,OCRBR5082M1-250218,LÓTICO,2018-02-23,2018
98.0,2.0,10.0,7.5,10.0,930.0,150.0,0.261462,0.110294,0.0076,329.381,85.01523071215006,A,OCRBR5082M1,OCRBR5082M1-200518,LÓTICO,2018-05-14,2018
98.3,2.0,10.0,8.8,10.0,930.0,930.0,0.337365,0.029998,0.01691,297.583,78.81012613147516,A,OCRBR5082M1,OCRBR5082M1-030219,LÓTICO,2019-01-31,2019
104.2,2.0,10.0,8.1,10.0,240.0,462.0,0.359189,0.036718,0.01105,261.254,84.53823898400434,A,OCRBR5082M1,OCRBR5082M1-111020,LÓTICO,2020-10-05,2020
104.1,2.0,10.0,8.24,23.0,2400.0,2400.0,0.4083,1.0706,0.3003,312.0,69.49746781132365,LC,OCRBR5083M1,OCRBR5083M1-111112,LÓTICO,2012-11-28,2012
110.4,2.0,10.0,8.15,10.0,2400.0,2400.0,0.6465,0.8575,0.011,314.0,76.28991802516947,A,OCRBR5083M1,OCRBR5083M1-021212,LÓTICO,2013-01-15,2013
110.9,2.0,10.0,7.57,20.0,460.0,240.0,0.493,0.0484,0.0502,308.0,82.69652840264001,A,OCRBR5083M1,OCRBR5083M1-070713,LÓTICO,2013-07-05,2013
101.3,2.0,10.0,7.1,10.0,430.0,230.0,0.985,0.192,0.038,656.0,23.101992049082863,FC,OCRBR5083M1,OCRBR5083M1-090314,LÓTICO,2014-03-06,2014
110.5,2.8,10.0,7.3,10.0,930.0,930.0,0.838,0.587,0.037,292.0,79.48770490489815,A,OCRBR5083M1,OCRBR5083M1-200414,LÓTICO,2014-04-14,2014
101.8,2.0,10.0,7.5,10.0,930.0,930.0,0.7116,0.0871,0.0244,272.2,82.42159553068039,A,OCRBR5083M1,OCRBR5083M1-030515,LÓTICO,2015-04-27,2015
112.7,2.0,10.0,8.3,10.0,430.0,230.0,0.5621,0.1958,0.0464,281.0,82.02726481827418,A,OCRBR5083M1,OCRBR5083M1-070615,LÓTICO,2015-06-02,2015
119.3,2.0,10.0,8.1,10.0,230.0,40.0,0.494428,0.594914,0.023956,334.0,85.00488229024033,A,OCRBR5083M1,OCRBR5083M1-130316,LÓTICO,2016-03-08,2016
106.5,2.0,10.0,8.3,10.0,430.0,430.0,0.215844,0.04678,0.003617,324.58,82.48748372809884,A,OCRBR5083M1,OCRBR5083M1-010516,LÓTICO,2016-04-29,2016
113.6,2.0,10.0,8.1,10.0,430.0,30.0,0.312874,0.168569,0.070358,306.13,85.93910955520913,A,OCRBR5083M1,OCRBR5083M1-100716,LÓTICO,2016-07-05,2016
105.7,2.34,10.0,8.1,10.0,2400.0,2400.0,0.580638,0.098929,0.233789,332.85,73.46042186657021,A,OCRBR5083M1,OCRBR5083M1-140816,LÓTICO,2016-08-09,2016
109.2,2.0,10.0,7.4,10.0,4600.0,2400.0,0.97132,0.58884,1.14494,330.45,14.468387831037857,EC,OCRBR5083M1,OCRBR5083M1-120317,LÓTICO,2017-03-07,2017
129.0,2.0,10.0,8.4,10.0,11000.0,90.0,0.43611,0.12824,0.09237,355.0,75.59641703815204,A,OCRBR5083M1,OCRBR5083M1-040617,LÓTICO,2017-06-02,2017
101.0,2.0,10.0,7.8,10.0,4600.0,930.0,0.34734,0.506589,0.05874,331.194,76.8740972800791,A,OCRBR5083M1,OCRBR5083M1-250218,LÓTICO,2018-02-22,2018
103.2,2.0,10.0,8.1,10.0,930.0,930.0,0.362328,0.794527,0.13265,316.655,75.6638409238657,A,OCRBR5083M1,OCRBR5083M1-150418,LÓTICO,2018-04-13,2018
109.8,2.0,10.0,7.6,10.0,230.0,230.0,0.446502,0.241441,0.03269,269.622,84.33807895406352,A,OCRBR5083M1,OCRBR5083M1-041118,LÓTICO,2018-10-29,2018
110.1,2.0,10.0,8.0,10.0,930.0,230.0,0.377487,0.084849,0.03842,311.563,81.64950076253655,A,OCRBR5083M1,OCRBR5083M1-030219,LÓTICO,2019-01-31,2019
103.4,2.0,10.0,8.3,10.0,2400.0,2909.0,0.339848,0.321742,0.06511,308.76,76.36488590177119,A,OCRBR5083M1,OCRBR5083M1-130920,LÓTICO,2020-09-08,2020
117.7,2.0,10.0,8.31,10.0,460.0,240.0,0.4234,0.088,0.0359,314.0,81.4766197906414,A,OCRBR5084M1,OCRBR5084M1-111112,LÓTICO,2012-11-28,2012
118.1,2.0,10.0,8.26,10.0,2400.0,460.0,0.2574,0.0833,0.0015,310.0,80.73979075941642,A,OCRBR5084M1,OCRBR5084M1-021212,LÓTICO,2013-01-15,2013
110.3,2.0,10.0,8.34,16.0,1100.0,1100.0,0.3844,0.0638,0.0015,318.0,79.7472388914844,A,OCRBR5084M1,OCRBR5084M1-231212,LÓTICO,2013-01-25,2013
110.4,2.0,10.0,7.4,22.0,460.0,460.0,0.4604,0.049,0.016,342.0,82.77058730819034,A,OCRBR5084M1,OCRBR5084M1-170313,LÓTICO,2013-03-14,2013
106.6,2.0,10.0,6.97,10.0,1100.0,75.0,0.3848,0.0191,0.0057,308.0,86.68338078400659,A,OCRBR5084M1,OCRBR5084M1-070713,LÓTICO,2013-07-05,2013
101.2,2.0,10.0,7.8,10.0,1500.0,390.0,0.818,0.013,0.008,296.0,83.08972729421423,A,OCRBR5084M1,OCRBR5084M1-090314,LÓTICO,2014-03-06,2014
109.8,2.0,15.0,7.3,10.0,1500.0,40.0,0.805,0.242,0.013,294.0,87.58873778139453,A,OCRBR5084M1,OCRBR5084M1-200414,LÓTICO,2014-04-14,2014
102.8,2.0,10.0,7.7,10.0,11000.0,2400.0,0.8151,0.0744,0.0196,282.43,77.4052406753711,A,OCRBR5084M1,OCRBR5084M1-030515,LÓTICO,2015-04-27,2015
113.9,2.0,10.0,8.3,10.0,2400.0,2400.0,0.495,0.1208,0.0484,281.0,77.69499851651635,A,OCRBR5084M1,OCRBR5084M1-070615,LÓTICO,2015-06-02,2015
95.4,2.0,10.0,8.3,10.0,11000.0,930.0,0.5401,0.03,0.0048,251.0,78.36429293476016,A,OCRBR5084M1,OCRBR5084M1-120715,LÓTICO,2015-07-09,2015
98.3,2.0,10.0,8.3,10.0,430.0,40.0,0.329736,0.09926,0.0195,346.75,86.71765999846731,A,OCRBR5084M1,OCRBR5084M1-010516,LÓTICO,2016-04-29,2016
100.2,2.0,10.0,7.5,10.0,24000.0,4600.0,0.305599,0.161036,0.033822,306.83,71.2848100382118,A,OCRBR5084M1,OCRBR5084M1-050616,LÓTICO,2016-06-03,2016
119.9,2.0,10.0,8.4,10.0,930.0,430.0,0.306724,0.080913,0.065702,306.13,79.28879636605046,A,OCRBR5084M1,OCRBR5084M1-100716,LÓTICO,2016-07-05,2016
110.2,2.0,10.0,7.5,10.0,930.0,90.0,0.87555,0.91302,0.68084,338.22,69.57908011600296,LC,OCRBR5084M1,OCRBR5084M1-120317,LÓTICO,2017-03-07,2017
99.7,2.0,10.0,7.0,10.0,930.0,40.0,0.18079,0.06953,0.07121,325.87,85.74433945092913,A,OCRBR5084M1,OCRBR5084M1-230417,LÓTICO,2017-04-19,2017
107.0,2.0,10.0,8.3,10.0,11000.0,930.0,0.38108,0.11931,0.01732,340.63,76.02097472220304,A,OCRBR5084M1,OCRBR5084M1-040617,LÓTICO,2017-06-02,2017
102.0,2.0,10.0,7.9,10.0,430.0,230.0,0.03187,0.10285,0.0135,312.34,83.91417381633411,A,OCRBR5084M1,OCRBR5084M1-270817,LÓTICO,2017-08-22,2017
101.3,2.0,10.0,7.2,10.0,24000.0,4600.0,0.58675,0.32106,0.07292,306.119,69.80774575435987,LC,OCRBR5084M1,OCRBR5084M1-210118,LÓTICO,2018-01-19,2018
110.2,2.0,10.0,8.2,32.33,4600.0,4600.0,0.167799,0.026313,0.00602,289.355,76.47584101912359,A,OCRBR5084M1,OCRBR5084M1-270518,LÓTICO,2018-05-24,2018
102.6,2.0,10.0,7.7,10.0,750.0,750.0,0.470259,0.083498,0.0585,271.619,81.85202179520248,A,OCRBR5084M1,OCRBR5084M1-041118,LÓTICO,2018-10-29,2018
101.5,2.0,10.0,8.1,10.0,230.0,90.0,0.382811,0.071844,0.04149,305.572,86.39170211939513,A,OCRBR5084M1,OCRBR5084M1-030219,LÓTICO,2019-01-31,2019
139.7,2.0,10.0,8.15,10.0,1100.0,150.0,0.4803,0.0594,0.0432,338.0,75.68275235063473,A,OCRBR5085M1,OCRBR5085M1-111112,LÓTICO,2012-11-28,2012
88.9,2.0,10.0,7.79,11.0,2400.0,460.0,0.3287,0.1867,0.042,358.0,78.63440078654494,A,OCRBR5085M1,OCRBR5085M1-021212,LÓTICO,2013-01-15,2013
112.5,2.0,10.0,8.06,10.0,460.0,23.0,0.0673,0.1221,0.035,354.0,86.200651545358,A,OCRBR5085M1,OCRBR5085M1-231212,LÓTICO,2013-01-25,2013
103.7,2.0,10.0,7.17,10.0,2400.0,4.0,0.4992,0.0114,0.019,408.0,85.46252033294591,A,OCRBR5085M1,OCRBR5085M1-170313,LÓTICO,2013-03-14,2013
123.4,2.0,10.0,7.08,12.0,1100.0,210.0,0.2827,0.0177,0.0224,324.0,80.8383470738317,A,OCRBR5085M1,OCRBR5085M1-070713,LÓTICO,2013-07-05,2013
100.6,2.0,10.0,7.2,10.0,230.0,40.0,0.772,0.095,0.051,304.0,88.27533568696951,A,OCRBR5085M1,OCRBR5085M1-090314,LÓTICO,2014-03-06,2014
101.9,2.0,14.0,7.3,10.0,24000.0,4600.0,0.7292,0.1007,0.008,288.0,72.51686319480775,A,OCRBR5085M1,OCRBR5085M1-150215,LÓTICO,2015-02-10,2015
103.9,2.0,10.0,7.9,10.0,2400.0,930.0,0.7584,0.1247,0.0217,274.24,81.01072713126285,A,OCRBR5085M1,OCRBR5085M1-030515,LÓTICO,2015-04-27,2015
121.8,2.0,10.0,8.6,10.0,930.0,70.0,0.5583,0.1078,0.0437,287.0,83.40271233601196,A,OCRBR5085M1,OCRBR5085M1-070615,LÓTICO,2015-06-02,2015
95.7,2.0,10.0,8.2,15.0,4600.0,230.0,0.4231,0.0498,0.0124,280.0,81.5533083409097,A,OCRBR5085M1,OCRBR5085M1-120715,LÓTICO,2015-07-09,2015
103.2,2.0,10.0,8.2,10.0,1500.0,1500.0,0.031,0.067969,0.003965,326.59,79.73680281909073,A,OCRBR5085M1,OCRBR5085M1-010516,LÓTICO,2016-04-29,2016
101.8,2.25,10.0,7.7,10.0,2400.0,430.0,0.505841,0.14681,0.209706,338.97,76.74736446996289,A,OCRBR5085M1,OCRBR5085M1-140816,LÓTICO,2016-08-09,2016
132.0,2.55,10.0,7.9,10.0,2400.0,930.0,0.281835,0.105815,0.002685,308.98,76.75668656035363,A,OCRBR5085M1,OCRBR5085M1-180916,LÓTICO,2016-09-14,2016
119.3,2.0,10.0,8.3,10.0,1500.0,90.0,0.82861,0.90651,0.64811,336.28,68.45038989019301,LC,OCRBR5085M1,OCRBR5085M1-120317,LÓTICO,2017-03-07,2017
95.4,2.0,10.0,8.1,10.0,150.0,40.0,0.12302,0.06489,0.05237,375.54,86.1220597791214,A,OCRBR5085M1,OCRBR5085M1-230417,LÓTICO,2017-04-19,2017
112.0,2.0,10.0,8.1,10.0,230.0,40.0,0.32335,0.08289,0.02522,375.52,85.96621308365329,A,OCRBR5085M1,OCRBR5085M1-040617,LÓTICO,2017-06-02,2017
99.1,2.0,10.0,7.6,10.0,430.0,150.0,0.03658,0.09037,0.01702,314.28,85.88558397233108,A,OCRBR5085M1,OCRBR5085M1-270817,LÓTICO,2017-08-22,2017
101.5,2.0,10.0,7.4,10.0,40.0,40.0,0.45979,0.29967,0.09517,313.918,89.54142824353588,A,OCRBR5085M1,OCRBR5085M1-210118,LÓTICO,2018-01-19,2018
115.3,2.0,10.0,8.1,10.0,230.0,150.0,0.467845,0.048249,0.00474,374.566,83.55226016216287,A,OCRBR5085M1,OCRBR5085M1-150418,LÓTICO,2018-04-23,2018
99.9,2.0,10.0,7.3,10.0,430.0,230.0,0.490277,0.127071,0.02675,267.625,85.33241730654744,A,OCRBR5085M1,OCRBR5085M1-041118,LÓTICO,2018-10-29,2018
100.8,2.0,10.0,7.1,10.0,90.0,40.0,0.407374,0.059586,0.04107,307.569,90.35519123555268,E,OCRBR5085M1,OCRBR5085M1-030219,LÓTICO,2019-01-31,2019
90.8,2.0,10.0,8.4,10.0,1100.0,1956.0,0.504946,0.036306,0.07438,310.752,76.83892458826101,A,OCRBR5085M1,OCRBR5085M1-130920,LÓTICO,2020-09-08,2020
101.8,2.0,10.0,7.94,21.0,2400.0,460.0,0.4992,0.0526,0.047,360.0,79.54205978733536,A,OCRBR5086M1,OCRBR5086M1-021212,LÓTICO,2013-01-15,2013
127.5,2.0,10.0,7.92,11.0,460.0,240.0,0.7361,0.0159,0.038,346.0,79.35360898735144,A,OCRBR5086M1,OCRBR5086M1-231212,LÓTICO,2013-01-25,2013
144.5,2.0,10.0,7.4,10.0,1100.0,93.0,0.1468,0.0599,0.046,386.0,76.91258855725067,A,OCRBR5086M1,OCRBR5086M1-120513,LÓTICO,2013-05-06,2013
110.3,2.0,10.0,7.11,37.0,2400.0,1100.0,0.3702,0.0681,0.023,350.0,78.1826150810214,A,OCRBR5086M1,OCRBR5086M1-070713,LÓTICO,2013-07-03,2013
103.2,2.0,10.0,7.2,10.0,1500.0,230.0,0.238,0.129,0.01,232.0,85.25208577584233,A,OCRBR5086M1,OCRBR5086M1-270714,LÓTICO,2014-07-23,2014
96.8,2.0,10.0,8.3,15.0,2400.0,430.0,0.855,0.07,0.024,297.0,80.9843371077339,A,OCRBR5086M1,OCRBR5086M1-210914,LÓTICO,2014-10-31,2014
104.8,2.0,10.0,7.6,10.0,90.0,30.0,0.7019,0.0767,0.0132,273.0,92.647287843291,E,OCRBR5086M1,OCRBR5086M1-220215,LÓTICO,2015-02-20,2015
101.2,2.0,10.0,8.1,10.0,930.0,230.0,1.0937,0.0852,0.1807,308.0,78.7013714230078,A,OCRBR5086M1,OCRBR5086M1-130915,LÓTICO,2015-09-07,2015
100.8,2.0,10.0,7.5,10.0,4600.0,930.0,0.891591,0.108689,0.228762,363.73,74.18290912968006,A,OCRBR5086M1,OCRBR5086M1-010516,LÓTICO,2016-05-02,2016
100.8,2.0,10.0,8.4,10.0,930.0,230.0,0.031,0.194703,0.008668,349.18,81.33784734725235,A,OCRBR5086M1,OCRBR5086M1-140816,LÓTICO,2016-08-17,2016
99.5,2.0,10.0,7.2,10.0,4600.0,4600.0,0.484632,0.127904,0.002401,198.77,80.49734584024431,A,OCRBR5086M1,OCRBR5086M1-180916,LÓTICO,2016-09-18,2016
102.3,2.0,10.0,7.1,10.0,4600.0,230.0,0.11767,0.03927,0.02892,212.25,83.74578559599713,A,OCRBR5086M1,OCRBR5086M1-120317,LÓTICO,2017-03-08,2017
98.8,2.0,10.0,6.9,10.0,2400.0,430.0,0.66296,0.09191,0.08487,214.6,82.16509161003322,A,OCRBR5086M1,OCRBR5086M1-230417,LÓTICO,2017-04-19,2017
96.1,2.0,10.0,7.4,10.0,1500.0,150.0,0.63193,0.10472,0.0015,223.67,87.5269773793886,A,OCRBR5086M1,OCRBR5086M1-040617,LÓTICO,2017-06-02,2017
100.3,2.0,10.0,7.6,10.0,390.0,390.0,1.529315,0.083285,0.03374,200.3,86.02844293007783,A,OCRBR5086M1,OCRBR5086M1-160717,LÓTICO,2017-07-13,2017
112.3,2.0,10.0,7.6,10.0,430.0,430.0,0.13161,0.1382,0.00811,306.52,83.46455577843851,A,OCRBR5086M1,OCRBR5086M1-270817,LÓTICO,2017-08-23,2017
100.3,2.0,10.0,7.1,10.0,230.0,90.0,0.687535,0.100418,0.04327,341.504,86.21361427552704,A,OCRBR5086M1,OCRBR5086M1-040318,LÓTICO,2018-02-28,2018
95.2,2.0,10.0,8.2,10.0,4600.0,930.0,0.111394,0.034147,0.0915,344.145,76.1341758645115,A,OCRBR5086M1,OCRBR5086M1-150418,LÓTICO,2018-04-11,2018
85.8,2.0,10.0,8.0,10.0,430.0,230.0,0.677654,0.110476,0.10113,342.188,79.06514483268232,A,OCRBR5086M1,OCRBR5086M1-270518,LÓTICO,2018-05-25,2018
99.6,2.0,10.0,6.57,14.0,2400.0,3.0,13.2808,0.0035,0.05094,716.0,22.418779217027087,FC,OCRBR5087M1,OCRBR5087M1-271013,SUBTERRÁNEO,2013-10-29,2013
99.6,2.0,10.0,6.3,14.0,2400.0,31.0,10.051,0.026,0.05094,786.0,22.75292868227405,FC,OCRBR5087M1,OCRBR5087M1-300314,SUBTERRÁNEO,2014-03-27,2014
99.6,2.0,10.0,6.8,14.0,2400.0,1.0,8.826,0.25,0.05094,642.0,23.36976299744006,FC,OCRBR5087M1,OCRBR5087M1-231016,SUBTERRÁNEO,2016-11-09,2016
99.6,2.0,10.0,6.8,14.0,2400.0,2400.0,8.163,0.0035,0.05094,622.0,21.264067830021993,FC,OCRBR5087M1,OCRBR5087M1-041020,SUBTERRÁNEO,2020-10-01,2020
140.6,2.0,10.0,7.8,10.0,2400.0,2400.0,0.1706,0.1097,0.0015,366.0,72.10285143826727,A,OCRBR5088M1,OCRBR5088M1-021212,LÓTICO,2013-01-15,2013
125.0,2.0,10.0,7.8,10.0,240.0,23.0,0.2588,0.0427,0.021,376.0,85.23089019354761,A,OCRBR5088M1,OCRBR5088M1-231212,LÓTICO,2013-01-25,2013
102.9,2.0,10.0,6.99,10.0,2400.0,2400.0,0.2454,0.064,0.0038,374.0,78.33104634575443,A,OCRBR5088M1,OCRBR5088M1-070713,LÓTICO,2013-07-03,2013
99.3,2.0,14.0,8.8,52.0,2400.0,2400.0,5.0309,0.6308,0.1343,831.0,19.673221337023556,EC,OCRBR5088M2,OCRBR5088M2-170515,LÓTICO,2015-05-12,2015
103.1,2.0,10.0,8.3,38.0,930.0,2400.0,4.9304,1.0825,0.1834,722.0,19.6872276874948,EC,OCRBR5088M2,OCRBR5088M2-130915,LÓTICO,2015-09-09,2015
77.1,2.0,10.0,7.7,10.0,750.0,390.0,5.311142,2.622518,0.492471,876.0,17.543915111507975,EC,OCRBR5088M2,OCRBR5088M2-280216,LÓTICO,2016-02-22,2016
112.7,2.54,11.52,7.5,26.3,11000.0,230.0,4.89755,2.37626,0.61827,944.69,17.085437014479524,EC,OCRBR5088M2,OCRBR5088M2-260217,LÓTICO,2017-02-24,2017
100.9,2.0,10.0,7.2,68.5,11000.0,930.0,7.01409,0.35361,0.59598,971.0,17.66909308086777,EC,OCRBR5088M2,OCRBR5088M2-090417,LÓTICO,2017-04-04,2017
99.9,2.0,10.64,7.6,51.0,930.0,230.0,3.86059,0.16369,0.66015,813.43,19.02584979939474,EC,OCRBR5088M2,OCRBR5088M2-210517,LÓTICO,2017-05-16,2017
100.6,2.0,10.0,8.2,15.0,4600.0,4600.0,4.773066,0.497188,0.36751,1034.694,18.66754737486481,EC,OCRBR5088M2,OCRBR5088M2-180318,LÓTICO,2018-03-15,2018
102.1,2.0,10.0,7.6,25.0,11000.0,2100.0,5.587409,0.930075,0.43567,1135.293,18.017680377159753,EC,OCRBR5088M2,OCRBR5088M2-290418,LÓTICO,2018-05-04,2018
99.6,2.0,10.0,7.69,14.0,2400.0,3.0,3.1082,0.0201,0.05094,1070.0,23.984992271503263,FC,OCRBR5089M1,OCRBR5089M1-041112,SUBTERRÁNEO,2012-11-16,2012
99.6,2.0,10.0,7.5,14.0,2400.0,3.0,2.554,0.0548,0.05094,952.27,24.118121736438553,FC,OCRBR5089M1,OCRBR5089M1-030515,SUBTERRÁNEO,2015-04-29,2015
99.6,2.0,10.0,7.2,14.0,2400.0,3.0,3.52207,0.07743,0.05094,1042.416,24.006734732092568,FC,OCRBR5089M1,OCRBR5089M1-280517,SUBTERRÁNEO,2017-05-25,2017
99.6,2.0,10.0,7.0,14.0,2400.0,3.0,4.165244,0.028877,0.05094,1033.0136,23.860984412523283,FC,OCRBR5089M1,OCRBR5089M1-180218,SUBTERRÁNEO,2018-04-23,2018
99.6,2.0,10.0,7.6,14.0,2400.0,9.0,4.234992,0.096369,0.05094,1038.0004,23.935672048882125,FC,OCRBR5089M1,OCRBR5089M1-111118,SUBTERRÁNEO,2018-11-09,2018
63.9,2.0,10.0,8.4,10.0,460.0,93.0,0.913,0.0035,0.0015,830.0,22.29994761191098,FC,OCRBR5090M1,OCRBR5090M1-070413,LÓTICO,2013-04-03,2013
98.8,2.0,10.0,7.9,10.0,150.0,93.0,0.975,0.031,0.0015,602.0,24.686241865427284,FC,OCRBR5090M1,OCRBR5090M1-180514,LÓTICO,2014-05-14,2014
124.2,2.0,10.0,7.9,10.0,24000.0,11000.0,0.78,0.089,0.0015,823.0,18.584710824270456,EC,OCRBR5090M1,OCRBR5090M1-030814,LÓTICO,2014-07-29,2014
98.8,2.0,16.24,7.9,24.0,280.0,200.0,0.802,0.06,0.024,320.0,83.53265350668725,A,OCRBR5090M1,OCRBR5090M1-140914,LÓTICO,2014-09-09,2014
89.8,2.0,10.0,7.8,10.0,1153.0,282.0,1.0134,0.029576,0.0015,473.0,77.51407414605472,A,OCRBR5090M1,OCRBR5090M1-010315,LÓTICO,2015-02-24,2015
76.7,2.0,10.0,7.7,10.0,1607.0,694.0,0.594772,0.053859,0.087,476.0,71.94565365308694,A,OCRBR5090M1,OCRBR5090M1-270915,LÓTICO,2015-10-27,2015
69.4,2.0,10.0,8.3,10.0,1483.0,1046.0,0.8156,0.0622,0.0015,670.0,20.991632470909348,FC,OCRBR5090M1,OCRBR5090M1-060316,LÓTICO,2016-03-03,2016
56.5,2.0,10.0,7.3,10.0,4884.0,1145.0,0.7434,0.1243,0.0015,674.0,20.157330725591876,FC,OCRBR5090M1,OCRBR5090M1-100416,LÓTICO,2016-04-06,2016
83.4,2.0,10.0,7.9,33.0,6488.0,2359.0,0.5362,0.0921,0.007,740.0,20.998594567868242,FC,OCRBR5090M1,OCRBR5090M1-220516,LÓTICO,2016-05-17,2016
66.0,2.0,10.0,7.2,10.0,5794.0,3255.0,0.5055,0.0562,0.028,760.0,20.12381525899317,FC,OCRBR5090M1,OCRBR5090M1-030716,LÓTICO,2016-06-30,2016
58.04,2.0,10.0,7.4,10.0,430.0,230.0,0.765858,0.059027,0.015512,978.0,21.412373318093067,FC,OCRBR5090M1,OCRBR5090M1-140816,LÓTICO,2016-08-19,2016
61.7,2.0,10.0,8.0,10.0,11000.0,4600.0,1.732,0.125,0.0015,346.0,68.60528868240466,LC,OCRBR5090M1,OCRBR5090M1-190317,LÓTICO,2017-03-15,2017
91.9,2.0,10.0,7.8,10.0,11000.0,4600.0,1.299,0.235,0.0015,597.0,53.59326407493266,LC,OCRBR5090M1,OCRBR5090M1-230417,LÓTICO,2017-05-25,2017
74.3,2.0,10.0,8.0,10.0,24000.0,11000.0,0.489,0.033,0.0015,403.0,63.42396716794082,LC,OCRBR5090M1,OCRBR5090M1-280517,LÓTICO,2017-07-03,2017
120.8,2.0,10.0,7.9,10.0,4600.0,2400.0,0.276,0.0035,0.0015,713.0,21.616985058460543,FC,OCRBR5090M1,OCRBR5090M1-230717,LÓTICO,2017-08-11,2017
83.4,2.0,10.0,8.2,10.0,4605.5,1100.0,0.692,0.0035,0.0015,435.0,74.0646523060287,A,OCRBR5090M1,OCRBR5090M1-060920,LÓTICO,2020-10-01,2020
120.9,2.0,10.0,7.68,10.0,23.0,23.0,0.1579,0.0726,0.0334,782.0,25.196278101552213,FC,OCRBR5091M1,OCRBR5091M1-111112,LÓTICO,2012-11-28,2012
95.4,2.0,10.0,7.55,10.0,460.0,150.0,0.2825,0.0501,0.0015,750.0,23.910982453919644,FC,OCRBR5091M1,OCRBR5091M1-021212,LÓTICO,2013-01-15,2013
103.8,2.0,10.0,7.63,10.0,240.0,240.0,0.3305,0.1076,0.0015,772.0,23.589972156716836,FC,OCRBR5091M1,OCRBR5091M1-231212,LÓTICO,2013-01-30,2013
133.8,2.0,10.0,7.52,10.0,23.0,4.0,0.2965,0.0493,0.017,802.0,24.463169033037143,FC,OCRBR5091M1,OCRBR5091M1-170313,LÓTICO,2013-03-12,2013
97.4,2.0,10.0,7.7,10.0,230.0,90.0,1.364,0.271,0.006,488.0,81.56897162792482,A,OCRBR5091M1,OCRBR5091M1-201013,LÓTICO,2013-10-18,2013
99.7,2.0,10.0,7.5,10.0,230.0,40.0,0.6114,0.128,0.0104,335.0,89.1426178353015,A,OCRBR5091M1,OCRBR5091M1-080315,LÓTICO,2015-03-05,2015
117.8,2.0,10.0,8.2,10.0,430.0,90.0,1.1084,0.0786,0.0134,403.18,83.42673919552465,A,OCRBR5091M1,OCRBR5091M1-190415,LÓTICO,2015-04-17,2015
105.2,2.0,10.0,8.0,34.0,2400.0,2400.0,0.8251,0.0867,0.0213,417.0,75.71014823457931,A,OCRBR5091M1,OCRBR5091M1-310515,LÓTICO,2015-05-25,2015
105.3,2.0,10.0,7.7,10.0,930.0,930.0,0.743,0.1404,0.0103,449.0,77.53043020555398,A,OCRBR5091M1,OCRBR5091M1-280615,LÓTICO,2015-06-26,2015
106.2,2.0,10.0,7.7,10.0,4600.0,90.0,0.4766,0.0666,0.0023,761.0,23.686071700776157,FC,OCRBR5091M1,OCRBR5091M1-130915,LÓTICO,2015-09-10,2015
100.6,2.0,10.0,7.7,10.0,70.0,30.0,0.28057,0.080497,0.01558,667.0,25.5203622719303,FC,OCRBR5091M1,OCRBR5091M1-130316,LÓTICO,2016-03-09,2016
98.3,2.39,14.0,8.2,10.0,930.0,230.0,0.031,0.110954,0.005569,633.02,22.98210235021247,FC,OCRBR5091M1,OCRBR5091M1-010516,LÓTICO,2016-04-28,2016
109.6,2.0,10.0,8.2,10.0,230.0,230.0,0.079925,0.088925,0.002159,644.57,23.24623064420858,FC,OCRBR5091M1,OCRBR5091M1-100716,LÓTICO,2016-07-11,2016
102.7,2.0,10.0,7.6,10.0,230.0,90.0,0.221864,0.069893,0.0015,631.73,24.57184200586807,FC,OCRBR5091M1,OCRBR5091M1-180916,LÓTICO,2016-09-18,2016
113.9,2.0,10.0,7.9,10.0,930.0,90.0,0.38281,0.06803,0.0069,608.41,23.865764600798023,FC,OCRBR5091M1,OCRBR5091M1-120317,LÓTICO,2017-03-07,2017
135.3,2.0,10.0,8.0,10.0,930.0,40.0,0.42091,0.10425,0.0069,621.93,22.815187754058687,FC,OCRBR5091M1,OCRBR5091M1-230417,LÓTICO,2017-04-18,2017
120.5,2.0,10.0,7.9,10.0,230.0,90.0,0.31536,0.08323,0.02094,652.54,23.9320232594973,FC,OCRBR5091M1,OCRBR5091M1-040617,LÓTICO,2017-05-30,2017
99.2,2.0,10.0,7.5,10.0,930.0,210.0,0.0701,0.06638,0.00631,679.0,23.349072751194576,FC,OCRBR5091M1,OCRBR5091M1-270817,LÓTICO,2017-08-24,2017
104.3,2.0,10.0,7.6,99.0,4600.0,2400.0,0.20974,0.07234,0.0072,490.05,71.19108518843274,A,OCRBR5091M1,OCRBR5091M1-081017,LÓTICO,2017-10-04,2017
101.1,2.0,10.0,7.0,10.0,150.0,150.0,0.313261,0.031381,0.00828,671.431,24.209103230757794,FC,OCRBR5091M1,OCRBR5091M1-250218,LÓTICO,2018-02-23,2018
99.3,2.0,10.0,7.9,12.0,230.0,90.0,0.193271,0.0913,0.003,584.7,71.11706353667341,A,OCRBR5091M1,OCRBR5091M1-200518,LÓTICO,2018-05-14,2018
116.1,2.0,10.0,8.2,10.0,90.0,40.0,0.240697,0.052096,0.02878,557.219,77.47905002638495,A,OCRBR5091M1,OCRBR5091M1-041118,LÓTICO,2018-10-30,2018
116.1,2.0,10.0,7.6,10.0,150.0,150.0,0.097914,0.044303,0.01543,621.504,24.017645172828995,FC,OCRBR5091M1,OCRBR5091M1-091218,LÓTICO,2018-12-03,2018
106.5,2.0,10.0,8.5,10.0,90.0,40.0,0.37736,0.0743,0.05531,567.205,75.20345809732196,A,OCRBR5091M1,OCRBR5091M1-030219,LÓTICO,2019-01-31,2019
124.3,2.0,10.0,7.9,10.0,230.0,880.0,0.192577,0.007372,0.02052,489.491,74.7640315635828,A,OCRBR5091M1,OCRBR5091M1-111020,LÓTICO,2020-10-06,2020
126.7,2.0,10.0,7.93,10.0,2400.0,1100.0,0.2652,0.0833,0.0406,412.0,74.38516228163036,A,OCRBR5092M1,OCRBR5092M1-111112,LÓTICO,2012-11-28,2012
110.4,2.0,10.0,7.55,10.0,1100.0,1100.0,0.4299,0.1005,0.0015,448.0,77.47877912535502,A,OCRBR5092M1,OCRBR5092M1-021212,LÓTICO,2013-01-15,2013
116.8,2.0,10.0,7.47,10.0,240.0,240.0,0.437,0.0297,0.017,448.0,80.15818963903692,A,OCRBR5092M1,OCRBR5092M1-170313,LÓTICO,2013-03-12,2013
113.0,2.0,10.0,7.5,10.0,2400.0,2400.0,0.2161,0.0324,0.024,458.0,75.18132336534147,A,OCRBR5092M1,OCRBR5092M1-050513,LÓTICO,2013-04-29,2013
110.2,2.0,10.0,7.06,10.0,240.0,240.0,0.1253,0.2838,0.0059,446.0,79.9308014212474,A,OCRBR5092M1,OCRBR5092M1-300613,LÓTICO,2013-06-26,2013
106.7,2.0,10.0,8.2,41.0,930.0,430.0,0.9711,0.0473,0.01,64.47,83.98768541657459,A,OCRBR5092M1,OCRBR5092M1-190415,LÓTICO,2015-04-17,2015
105.3,2.0,10.0,7.5,30.0,2400.0,2400.0,0.7653,0.1186,0.0129,456.0,75.51603432911264,A,OCRBR5092M1,OCRBR5092M1-280615,LÓTICO,2015-06-26,2015
104.8,2.0,10.0,7.6,10.0,230.0,90.0,0.4609,0.0645,0.0035,562.0,76.21193744852565,A,OCRBR5092M1,OCRBR5092M1-130915,LÓTICO,2015-09-10,2015
100.9,2.0,13.65,7.9,10.0,230.0,230.0,0.503722,0.056161,0.021163,412.0,81.49905624828718,A,OCRBR5092M1,OCRBR5092M1-130316,LÓTICO,2016-03-09,2016
105.7,2.0,10.0,8.3,10.0,70.0,40.0,0.031,0.087313,0.001365,370.94,89.17376387734586,A,OCRBR5092M1,OCRBR5092M1-010516,LÓTICO,2016-04-28,2016
101.7,2.0,10.0,8.3,10.0,230.0,90.0,0.076305,0.046018,0.001418,642.56,24.24515758901912,FC,OCRBR5092M1,OCRBR5092M1-100716,LÓTICO,2016-07-11,2016
108.4,2.0,10.0,7.9,31.5,430.0,230.0,0.654447,0.073992,0.0015,387.7,81.59644758632514,A,OCRBR5092M1,OCRBR5092M1-180916,LÓTICO,2016-09-18,2016
114.3,2.0,10.0,8.1,27.0,4600.0,230.0,0.60834,0.07773,0.02405,373.21,78.56828024096556,A,OCRBR5092M1,OCRBR5092M1-120317,LÓTICO,2017-03-07,2017
121.8,2.0,10.0,8.1,10.0,930.0,230.0,0.46919,0.05118,0.00955,403.36,79.21472455501288,A,OCRBR5092M1,OCRBR5092M1-230417,LÓTICO,2017-04-18,2017
118.8,2.0,10.0,8.2,10.0,930.0,930.0,0.66465,0.07426,0.02088,420.66,76.79279897848176,A,OCRBR5092M1,OCRBR5092M1-040617,LÓTICO,2017-05-30,2017
109.0,2.0,10.0,8.0,23.0,750.0,230.0,0.467664,0.093166,0.00587,409.7,80.50285596602774,A,OCRBR5092M1,OCRBR5092M1-160717,LÓTICO,2017-07-12,2017
103.8,2.0,10.0,7.3,10.0,430.0,30.0,0.06053,0.06275,0.00955,671.24,24.87357214416727,FC,OCRBR5092M1,OCRBR5092M1-270817,LÓTICO,2017-08-24,2017
107.6,2.0,10.0,8.1,55.33,24000.0,2400.0,0.50015,0.0631,0.00654,328.02,70.62759704354222,A,OCRBR5092M1,OCRBR5092M1-081017,LÓTICO,2017-10-04,2017
109.4,2.0,10.0,7.5,10.0,2400.0,2400.0,0.653465,0.055881,0.01121,366.586,78.52039291367387,A,OCRBR5092M1,OCRBR5092M1-250218,LÓTICO,2018-02-23,2018
112.0,2.0,10.0,7.9,10.0,2400.0,930.0,0.503368,0.075842,0.00397,371.213,78.91834836380912,A,OCRBR5092M1,OCRBR5092M1-010418,LÓTICO,2018-03-27,2018
102.5,2.0,10.0,7.4,15.0,24000.0,200.0,0.479841,0.138755,0.0031,395.434,74.4810128047159,A,OCRBR5092M1,OCRBR5092M1-200518,LÓTICO,2018-05-14,2018
105.9,2.0,10.0,8.3,10.0,40.0,40.0,0.643368,0.044386,0.02338,335.53,89.79207601292954,A,OCRBR5092M1,OCRBR5092M1-041118,LÓTICO,2018-10-30,2018
99.7,2.0,10.0,8.4,10.0,430.0,230.0,0.795794,0.145393,0.10106,385.46,79.02137655260333,A,OCRBR5092M1,OCRBR5092M1-030219,LÓTICO,2019-01-31,2019
105.8,2.0,10.0,7.7,10.0,930.0,1500.0,0.568544,0.0035,0.00995,189.031,83.74757896952111,A,OCRBR5092M1,OCRBR5092M1-111020,LÓTICO,2020-10-06,2020
99.6,2.0,10.0,7.8,11.0,2400.0,2400.0,0.271,0.2,0.0015,439.0,76.43924150779803,A,OCRBR5094M1,OCRBR5094M1-030814,LÉNTICO,2014-07-30,2014
99.6,2.0,10.0,7.8,10.0,2400.0,2909.0,1.14867,0.060852,0.106,344.0,76.35920176688985,A,OCRBR5094M1,OCRBR5094M1-111015,LÉNTICO,2015-10-30,2015
99.6,2.0,10.0,7.8,10.0,2400.0,1722.0,0.537,0.547,0.044,306.0,77.8352477828413,A,OCRBR5094M1,OCRBR5094M1-231016,LÉNTICO,2016-10-18,2016
99.6,2.0,10.0,7.8,10.0,2400.0,28.0,0.031,0.0035,0.0015,261.0,89.31705669219393,A,OCRBR5094M2,OCRBR5094M2-230717,LÉNTICO,2017-07-18,2017
99.6,2.0,10.0,7.8,10.0,2400.0,240.0,0.031,0.037,0.0015,318.0,82.89020952155278,A,OCRBR5094M2,OCRBR5094M2-170917,LÉNTICO,2017-09-14,2017
97.3,2.0,10.0,7.65,10.0,1100.0,1100.0,0.031,0.0035,0.0015,365.0,80.07499986774458,A,OCRBR5096M1,OCRBR5096M1-111112,LÓTICO (HUMEDAL),2012-12-04,2012
119.9,2.0,10.0,7.9,62.0,1100.0,1100.0,0.068,0.049,0.009,1016.0,21.7131517409133,FC,OCRBR5096M1,OCRBR5096M1-160214,LÓTICO (HUMEDAL),2014-02-12,2014
82.4,2.0,24.36,7.8,10.0,750.0,200.0,0.06,0.046,0.0015,1622.0,22.57781279105461,FC,OCRBR5096M1,OCRBR5096M1-140914,LÓTICO (HUMEDAL),2014-09-09,2014
80.5,2.0,10.0,7.9,12.0,2098.0,350.0,0.0606,0.039054,0.0015,824.0,22.17602298787857,FC,OCRBR5096M1,OCRBR5096M1-010315,LÓTICO (HUMEDAL),2015-02-24,2015
75.7,2.0,17.4,7.3,10.0,24000.0,1860.0,0.031,0.043711,0.0015,780.0,19.600769718095602,EC,OCRBR5096M1,OCRBR5096M1-240515,LÓTICO (HUMEDAL),2015-05-19,2015
61.6,2.39,10.0,8.3,10.0,24196.0,5475.0,0.031,0.054494,0.073,824.0,17.594604210191175,EC,OCRBR5096M1,OCRBR5096M1-270915,LÓTICO (HUMEDAL),2015-10-27,2015
50.9,2.0,10.33,8.9,10.0,2355.0,1450.0,0.031,0.1264,0.0015,732.0,19.04916622351199,EC,OCRBR5096M1,OCRBR5096M1-060316,LÓTICO (HUMEDAL),2016-03-01,2016
90.4,2.0,10.0,8.5,10.0,15531.0,3654.0,0.031,0.0839,0.0015,764.0,20.21531344883261,FC,OCRBR5096M1,OCRBR5096M1-100416,LÓTICO (HUMEDAL),2016-04-06,2016
52.1,2.0,10.0,7.1,10.0,14136.0,2755.0,0.031,0.0472,0.014,1003.0,18.69052874036045,EC,OCRBR5096M1,OCRBR5096M1-030716,LÓTICO (HUMEDAL),2016-06-30,2016
50.02,2.0,10.0,7.7,10.0,1500.0,110.0,0.07,0.037,0.014607,792.0,21.043901190339046,FC,OCRBR5096M1,OCRBR5096M1-140816,LÓTICO (HUMEDAL),2016-08-19,2016
52.2,2.0,10.0,7.8,10.0,4106.0,350.0,0.031,0.049,0.0015,843.0,20.290377268847163,FC,OCRBR5096M1,OCRBR5096M1-250916,LÓTICO (HUMEDAL),2016-11-10,2016
99.6,2.0,10.0,7.8,29.0,2400.0,2400.0,0.059,0.137,0.0015,324.0,79.26656146489593,A,OCRBR5097M1,OCRBR5097M1-150913,LÉNTICO (HUMEDAL),2013-09-12,2013
99.6,2.0,10.0,7.8,10.0,2400.0,15.0,0.695,0.047,0.0015,251.0,89.90539035097353,A,OCRBR5097M1,OCRBR5097M1-160214,LÉNTICO (HUMEDAL),2014-02-12,2014
99.6,2.0,12.9,7.8,14.0,2400.0,460.0,0.038,0.13,0.0015,229.0,84.41724894476324,A,OCRBR5097M1,OCRBR5097M1-030814,LÉNTICO (HUMEDAL),2014-07-30,2014
99.6,2.0,10.0,7.8,10.0,2400.0,135.0,0.398979,0.04543,0.1566,220.0,83.33657102499002,A,OCRBR5097M1,OCRBR5097M1-240515,LÉNTICO (HUMEDAL),2015-05-19,2015
99.6,2.0,10.0,7.8,10.0,2400.0,2613.0,0.146473,0.066873,0.089,214.0,79.84586234480706,A,OCRBR5097M1,OCRBR5097M1-111015,LÉNTICO (HUMEDAL),2015-10-30,2015
99.6,2.0,15.82,7.8,10.0,2400.0,1597.0,0.1256,0.0544,0.015,240.0,81.87282081515097,A,OCRBR5097M1,OCRBR5097M1-220516,LÉNTICO (HUMEDAL),2016-05-19,2016
99.6,2.0,10.0,7.8,10.0,2400.0,988.0,0.077,0.4,0.093,250.0,79.12754818887237,A,OCRBR5097M1,OCRBR5097M1-231016,LÉNTICO (HUMEDAL),2016-10-18,2016
99.6,2.0,10.0,7.8,10.0,2400.0,20.0,0.031,0.0035,0.0015,256.0,89.65007560269315,A,OCRBR5097M1,OCRBR5097M1-230717,LÉNTICO (HUMEDAL),2017-07-18,2017
99.6,2.0,10.0,7.8,11.0,2400.0,150.0,0.031,0.0035,0.0015,250.0,86.28068343893884,A,OCRBR5097M1,OCRBR5097M1-170917,LÉNTICO (HUMEDAL),2017-08-22,2017
99.6,2.0,10.0,7.8,10.0,2400.0,930.0,0.031,0.0035,0.0015,291.0,81.57550316624773,A,OCRBR5097M1,OCRBR5097M1-150418,LÉNTICO (HUMEDAL),2018-04-12,2018
99.6,2.0,22.54,7.8,10.0,2400.0,150.0,0.581,0.0035,0.0015,280.0,85.30341668619668,A,OCRBR5097M1,OCRBR5097M1-041020,LÉNTICO (HUMEDAL),2020-09-30,2020
99.6,2.0,10.0,6.69,14.0,2400.0,3.0,4.1775,0.1007,0.05094,1070.0,23.664617445055764,FC,OCRBR5098M1,OCRBR5098M1-020613,SUBTERRÁNEO,2013-05-27,2013
99.6,2.0,10.0,8.2,14.0,2400.0,3.0,6.8646,0.035,0.05094,789.99,23.568060095045333,FC,OCRBR5098M1,OCRBR5098M1-030515,SUBTERRÁNEO,2015-04-27,2015
99.6,2.0,10.0,7.4,14.0,2400.0,3.0,0.349344,0.056624,0.05094,605.0,24.295878061185462,FC,OCRBR5098M1,OCRBR5098M1-200316,SUBTERRÁNEO,2016-03-15,2016
99.6,2.0,10.0,7.1,14.0,2400.0,43.0,2.99815,0.07556,0.05094,698.614,23.707894209294484,FC,OCRBR5098M1,OCRBR5098M1-140517,SUBTERRÁNEO,2017-05-09,2017
99.6,2.0,10.0,7.5,14.0,2400.0,3.0,2.197899,0.022136,0.05094,740.62,24.148655046105286,FC,OCRBR5098M1,OCRBR5098M1-111118,SUBTERRÁNEO,2018-11-09,2018
99.6,2.0,10.0,7.7,14.0,2400.0,10.0,2.357554,0.022975,0.05094,679.272,23.995510533642637,FC,OCRBR5098M1,OCRBR5098M1-060920,SUBTERRÁNEO,2020-09-04,2020
103.23,2.0,10.0,7.35,10.0,460.0,75.0,1.005,0.0035,0.0015,300.0,88.95584232188504,A,OCRBR5099M1,OCRBR5099M1-301212,LÓTICO,2013-01-18,2013
52.5,2.4,10.0,7.6,10.0,24196.0,3255.0,0.56,0.073,0.0015,392.0,63.434223633553714,LC,OCRBR5099M1,OCRBR5099M1-300314,LÓTICO,2014-03-28,2014
101.7,2.8,10.0,8.1,14.0,24000.0,11000.0,1.341,0.026,0.0015,357.0,67.39522896345537,LC,OCRBR5099M1,OCRBR5099M1-180514,LÓTICO,2014-05-14,2014
105.6,2.0,10.0,7.7,10.0,24000.0,11000.0,1.175,0.108,0.02,446.0,65.11477157806685,LC,OCRBR5099M1,OCRBR5099M1-220614,LÓTICO,2014-06-17,2014
86.2,2.0,10.0,8.7,10.0,1500.0,1500.0,0.915,0.092,0.0015,344.0,76.48045305569465,A,OCRBR5099M1,OCRBR5099M1-140914,LÓTICO,2014-09-09,2014
79.2,2.0,10.0,7.9,10.0,7701.0,2098.0,1.73022,0.073695,0.118,262.0,73.56460497358582,A,OCRBR5099M1,OCRBR5099M1-270915,LÓTICO,2015-10-27,2015
83.0,2.0,10.0,8.1,10.0,3448.0,988.0,0.13606,0.0286,0.0015,420.0,75.1356356735394,A,OCRBR5099M1,OCRBR5099M1-060316,LÓTICO,2016-03-02,2016
59.6,2.0,10.0,8.5,10.0,3448.0,441.0,1.1536,0.0932,0.0015,450.0,70.46182481752969,A,OCRBR5099M1,OCRBR5099M1-100416,LÓTICO,2016-04-06,2016
98.0,2.0,10.0,7.5,10.0,2755.0,932.0,0.6553,0.0637,0.0015,428.0,78.2631090037295,A,OCRBR5099M1,OCRBR5099M1-220516,LÓTICO,2016-05-17,2016
89.6,2.0,10.0,6.8,10.0,860.0,336.0,0.7019,0.0341,0.014,272.0,82.48968911775435,A,OCRBR5099M1,OCRBR5099M1-030716,LÓTICO,2016-06-30,2016
81.1,2.0,10.0,7.8,10.0,4600.0,2400.0,1.025,0.044,0.00546,428.0,73.61936935083139,A,OCRBR5099M1,OCRBR5099M1-140816,LÓTICO,2016-08-19,2016
131.9,2.0,10.0,8.3,10.0,24000.0,11000.0,1.805,0.028,0.0015,348.0,63.77757678934027,LC,OCRBR5099M1,OCRBR5099M1-190317,LÓTICO,2017-03-24,2017
72.0,2.0,10.0,8.0,11.0,24000.0,2400.0,1.176,0.153,0.0015,664.0,19.11267446781432,EC,OCRBR5099M1,OCRBR5099M1-280517,LÓTICO,2017-07-03,2017
136.4,2.0,10.0,7.9,10.0,24000.0,11000.0,0.403,0.0035,0.0015,438.0,61.29379136574348,LC,OCRBR5099M1,OCRBR5099M1-230717,LÓTICO,2017-08-11,2017
120.4,2.0,10.0,7.9,10.0,11000.0,4600.0,0.205,0.0035,0.0015,411.0,72.33916437523457,A,OCRBR5099M1,OCRBR5099M1-030917,LÓTICO,2017-09-13,2017
96.6,2.0,10.0,8.1,10.0,11000.0,1100.0,0.916,0.0035,0.0015,358.0,76.2274114759823,A,OCRBR5099M1,OCRBR5099M1-060920,LÓTICO,2020-10-01,2020
99.6,2.0,10.0,7.56,14.0,2400.0,3.0,0.2414,0.1081,0.05094,760.0,24.21139839342358,FC,OCRBR5100M1,OCRBR5100M1-041112,SUBTERRÁNEO,2012-11-16,2012
99.6,2.0,10.0,6.7,14.0,2400.0,4.0,0.2269,0.0884,0.05094,712.0,23.88345642616936,FC,OCRBR5100M1,OCRBR5100M1-020613,SUBTERRÁNEO,2013-05-27,2013
99.6,2.0,10.0,7.9,14.0,2400.0,3.0,1.9285,0.0486,0.05094,403.32,83.97124138289313,A,OCRBR5100M1,OCRBR5100M1-030515,SUBTERRÁNEO,2015-04-28,2015
99.6,2.0,10.0,7.4,14.0,2400.0,3.0,16.689,0.0218,0.05094,990.0,22.10582905947409,FC,OCRBR5101M1,OCRBR5101M1-041112,SUBTERRÁNEO,2012-11-16,2012
99.6,2.0,10.0,6.62,14.0,2400.0,3.0,18.054,0.0242,0.05094,1010.0,21.637581906852795,FC,OCRBR5101M1,OCRBR5101M1-020613,SUBTERRÁNEO,2013-05-28,2013
99.6,2.0,10.0,6.2,14.0,2400.0,30.0,17.028,0.039,0.05094,1018.0,21.066532993952425,FC,OCRBR5101M1,OCRBR5101M1-130714,SUBTERRÁNEO,2014-07-10,2014
99.6,2.0,10.0,8.0,14.0,2400.0,3.0,19.7345,0.1132,0.05094,1094.0,21.723458640689397,FC,OCRBR5101M1,OCRBR5101M1-030515,SUBTERRÁNEO,2015-05-15,2015
99.6,2.0,10.0,7.1,14.0,2400.0,3.0,13.97926,0.02109,0.05094,1022.4388,22.485057831831764,FC,OCRBR5101M1,OCRBR5101M1-260217,SUBTERRÁNEO,2017-02-23,2017
99.6,2.0,10.0,6.8,14.0,2400.0,3.0,18.05873,0.06792,0.05094,941.6064,21.745765227877893,FC,OCRBR5101M1,OCRBR5101M1-140118,SUBTERRÁNEO,2018-01-15,2018
99.6,2.0,10.0,7.0,14.0,2400.0,3.0,16.737269,0.006988,0.05094,984.2624,21.907913123350163,FC,OCRBR5101M1,OCRBR5101M1-181118,SUBTERRÁNEO,2018-11-15,2018
99.6,2.0,10.0,7.5,14.0,2400.0,1.0,14.615488,0.084459,0.05094,752.096,22.324919879339287,FC,OCRBR5101M1,OCRBR5101M1-041020,SUBTERRÁNEO,2020-09-28,2020
99.6,2.0,10.0,7.21,14.0,2400.0,3.0,1.6079,0.0326,0.05094,301.0,87.16794159717838,A,OCRBR5102M1,OCRBR5102M1-271013,SUBTERRÁNEO,2013-10-29,2013
99.6,2.0,10.0,6.5,14.0,2400.0,30.0,1.067,0.0035,0.05094,367.0,83.54485451656193,A,OCRBR5102M1,OCRBR5102M1-300314,SUBTERRÁNEO,2014-03-27,2014
99.6,2.0,10.0,7.0,14.0,2400.0,41.0,0.031,0.035237,0.05094,294.0,86.19816057574008,A,OCRBR5102M1,OCRBR5102M1-230815,SUBTERRÁNEO,2015-10-29,2015
99.6,2.0,10.0,7.5,14.0,2400.0,1.0,0.031,0.254,0.05094,299.0,87.13185500515628,A,OCRBR5102M1,OCRBR5102M1-231016,SUBTERRÁNEO,2016-10-18,2016
76.6,2.0,10.0,7.88,10.0,1100.0,1100.0,0.672,0.0035,0.0015,432.0,74.68538441988922,A,OCRBR5103M1,OCRBR5103M1-041112,LÓTICO,2012-11-22,2012
68.5,2.0,10.0,8.0,10.0,7701.0,2143.0,0.52,0.039,0.0015,424.0,70.68209177206047,A,OCRBR5103M1,OCRBR5103M1-300314,LÓTICO,2014-03-25,2014
98.0,2.0,13.61,8.0,20.0,11000.0,4600.0,0.384,0.037,0.0015,432.0,72.45253071648276,A,OCRBR5103M1,OCRBR5103M1-180514,LÓTICO,2014-05-15,2014
105.7,2.0,10.0,8.0,10.0,1100.0,460.0,0.414,0.051,0.0015,436.0,79.01953106695814,A,OCRBR5103M1,OCRBR5103M1-220614,LÓTICO,2014-06-19,2014
91.1,2.0,10.0,8.1,25.0,388.0,10.0,0.4327,0.064693,0.0015,228.0,90.4718151404216,E,OCRBR5103M1,OCRBR5103M1-010315,LÓTICO,2015-02-23,2015
94.4,2.0,10.0,7.5,28.0,4611.0,794.0,0.432447,0.051143,0.068,388.0,76.55749003829534,A,OCRBR5103M1,OCRBR5103M1-240515,LÓTICO,2015-05-20,2015
83.5,2.0,10.0,8.2,80.0,11199.0,2987.0,0.372047,0.088217,0.0015,378.0,70.52870872571215,A,OCRBR5103M1,OCRBR5103M1-160815,LÓTICO,2015-08-10,2015
59.3,2.0,10.0,7.9,37.0,14136.0,1450.0,0.412257,0.024155,0.168,388.0,64.2392060667964,LC,OCRBR5103M1,OCRBR5103M1-270915,LÓTICO,2015-10-26,2015
77.4,2.0,10.0,8.3,10.0,6488.0,422.0,0.398,0.106,0.0015,406.0,74.7301289090961,A,OCRBR5103M1,OCRBR5103M1-060316,LÓTICO,2016-03-01,2016
58.2,2.0,10.0,7.9,10.0,3609.0,279.0,0.4421,0.146,0.0015,678.0,20.76658425663872,FC,OCRBR5103M1,OCRBR5103M1-100416,LÓTICO,2016-04-05,2016
83.6,2.0,10.0,8.4,10.0,12997.0,4884.0,0.2168,0.1573,0.0015,400.0,69.97023371790853,LC,OCRBR5103M1,OCRBR5103M1-220516,LÓTICO,2016-05-22,2016
79.7,2.0,10.0,7.5,10.0,5475.0,1017.0,0.2147,0.1112,0.016,382.0,75.2658270156232,A,OCRBR5103M1,OCRBR5103M1-030716,LÓTICO,2016-06-29,2016
57.1,2.0,10.0,8.3,10.0,24000.0,4600.0,0.9,0.257,0.022,441.0,60.885049001042624,LC,OCRBR5103M1,OCRBR5103M1-230417,LÓTICO,2017-04-27,2017
89.3,2.0,10.0,8.3,12.0,11000.0,2400.0,0.731,0.0035,0.0015,388.0,73.64544456806976,A,OCRBR5103M1,OCRBR5103M1-041020,LÓTICO,2020-09-30,2020
89.9,2.0,10.0,7.87,10.0,460.0,240.0,0.997,0.0035,0.0015,469.0,78.62303288292554,A,OCRBR5104M1,OCRBR5104M1-070413,LÓTICO,2013-04-05,2013
90.1,2.0,10.0,8.1,76.0,11000.0,11000.0,0.462,0.022,0.0015,292.0,69.59462537474468,LC,OCRBR5104M1,OCRBR5104M1-160214,LÓTICO,2014-02-14,2014
68.3,2.0,10.0,8.3,41.0,3076.0,565.0,0.408,0.046,0.0015,296.0,75.38582020939624,A,OCRBR5104M1,OCRBR5104M1-300314,LÓTICO,2014-03-25,2014
99.7,2.0,20.41,8.6,10.0,1500.0,750.0,0.381,0.077,0.0015,335.0,79.792049467051,A,OCRBR5104M1,OCRBR5104M1-180514,LÓTICO,2014-05-15,2014
106.0,2.0,10.0,8.1,10.0,93.0,43.0,0.393,0.03,0.0015,255.0,92.19638093027214,E,OCRBR5104M1,OCRBR5104M1-220614,LÓTICO,2014-06-19,2014
106.9,2.0,10.0,8.1,43.0,11000.0,4600.0,0.282,0.046,0.0015,267.0,75.11009113612575,A,OCRBR5104M1,OCRBR5104M1-030814,LÓTICO,2014-07-31,2014
91.1,2.0,10.0,8.4,10.0,17329.0,2755.0,0.5982,0.07119,0.0015,378.0,71.44241121302854,A,OCRBR5104M1,OCRBR5104M1-010315,LÓTICO,2015-02-23,2015
92.8,2.0,10.0,7.6,10.0,657.0,122.0,0.484604,0.047727,0.0015,234.0,88.19716294022015,A,OCRBR5104M1,OCRBR5104M1-240515,LÓTICO,2015-05-20,2015
84.5,2.0,10.0,8.3,124.0,8164.0,1274.0,0.459828,0.164359,0.0015,258.0,73.74031847582664,A,OCRBR5104M1,OCRBR5104M1-160815,LÓTICO,2015-08-10,2015
56.2,2.0,10.0,8.2,10.0,2400.0,121.0,0.360977,0.014887,0.073,244.0,76.27228618363955,A,OCRBR5104M1,OCRBR5104M1-270915,LÓTICO,2015-10-26,2015
76.8,2.0,10.0,8.4,10.0,305.0,122.0,0.3282,0.0663,0.0015,238.0,84.31921734624443,A,OCRBR5104M1,OCRBR5104M1-060316,LÓTICO,2016-03-01,2016
57.0,2.0,10.0,7.9,22.0,467.0,73.0,0.3905,0.0663,0.0015,250.0,81.28061761005407,A,OCRBR5104M1,OCRBR5104M1-100416,LÓTICO,2016-04-05,2016
93.7,2.0,10.0,8.4,21.0,4352.0,292.0,0.2725,0.088,0.0015,230.0,82.41704535547525,A,OCRBR5104M1,OCRBR5104M1-220516,LÓTICO,2016-05-22,2016
64.7,2.0,10.0,7.5,10.0,327.0,62.0,0.2445,0.0513,0.019,339.0,81.78490903145244,A,OCRBR5104M1,OCRBR5104M1-030716,LÓTICO,2016-06-29,2016
65.4,2.0,10.0,8.5,28.0,11000.0,2100.0,0.73,0.053,0.0015,278.0,71.35407027500618,A,OCRBR5104M1,OCRBR5104M1-230417,LÓTICO,2017-04-27,2017
58.7,2.0,10.0,8.3,22.0,11000.0,2100.0,0.903,0.212,0.0015,266.0,70.44723045864914,A,OCRBR5104M1,OCRBR5104M1-280517,LÓTICO,2017-05-30,2017
82.7,2.0,10.0,8.1,35.0,11000.0,1500.0,0.249,0.047,0.0015,233.0,76.16101879092004,A,OCRBR5104M1,OCRBR5104M1-030917,LÓTICO,2017-09-05,2017
78.4,2.0,10.0,8.0,53.0,280.0,280.0,0.271,0.197,0.0015,263.0,80.57138843084672,A,OCRBR5104M1,OCRBR5104M1-011017,LÓTICO,2017-10-12,2017
83.2,2.0,10.0,8.3,10.0,4229.0,75.0,0.433,0.0035,0.0015,224.0,84.89603536805781,A,OCRBR5104M1,OCRBR5104M1-041020,LÓTICO,2020-09-30,2020
99.6,2.0,10.0,6.46,14.0,2400.0,3.0,0.031,0.9131,0.05094,410.0,80.1087746247552,A,OCRBR5106M1,OCRBR5106M1-041112,SUBTERRÁNEO,2012-11-22,2012
99.6,2.0,10.0,6.87,14.0,2400.0,3.0,0.031,1.12,0.05094,390.0,81.07174347770297,A,OCRBR5106M1,OCRBR5106M1-260513,SUBTERRÁNEO,2013-05-24,2013
99.6,2.0,10.0,6.9,14.0,2400.0,93.0,0.031,0.8476,0.05094,407.0,79.43389660270304,A,OCRBR5106M1,OCRBR5106M1-100515,SUBTERRÁNEO,2015-07-17,2015
99.6,2.0,10.0,7.1,14.0,2400.0,3.0,0.031,1.177697,0.05094,421.43,80.45845520993078,A,OCRBR5106M1,OCRBR5106M1-240416,SUBTERRÁNEO,2016-04-22,2016
99.6,2.0,10.0,6.6,14.0,2400.0,3.0,0.031,0.922844,0.05094,468.3184,78.36836918040444,A,OCRBR5106M1,OCRBR5106M1-251118,SUBTERRÁNEO,2018-11-22,2018
99.6,2.0,10.0,8.1,14.0,2400.0,10.0,0.031,1.236109,0.05094,406.368,80.0443964703547,A,OCRBR5106M1,OCRBR5106M1-060920,SUBTERRÁNEO,2020-09-02,2020
99.6,2.0,10.0,7.6,14.0,2400.0,3.0,0.6247,0.0656,0.05094,360.0,85.9491915528702,A,OCRBR5109M1,OCRBR5109M1-041112,SUBTERRÁNEO,2012-11-23,2012
99.6,2.0,10.0,6.21,14.0,2400.0,3.0,0.6762,0.0313,0.05094,399.0,81.89397174815335,A,OCRBR5109M1,OCRBR5109M1-020613,SUBTERRÁNEO,2013-05-30,2013
99.6,2.0,10.0,7.1,14.0,2400.0,3.0,0.8016,0.0656,0.05094,427.0,83.73453596352043,A,OCRBR5109M1,OCRBR5109M1-160815,SUBTERRÁNEO,2015-08-20,2015
99.6,2.0,10.0,7.0,14.0,2400.0,3.0,0.98091,0.05952,0.05094,442.98,82.94321962799509,A,OCRBR5109M1,OCRBR5109M1-250617,SUBTERRÁNEO,2017-06-23,2017
99.6,2.0,10.0,7.1,14.0,2400.0,3.0,0.721893,0.020537,0.05094,445.6824,83.04450265034251,A,OCRBR5109M1,OCRBR5109M1-280118,SUBTERRÁNEO,2018-08-02,2018
99.6,2.0,10.0,6.6,14.0,2400.0,3.0,0.277878,0.023228,0.05094,424.6616,82.7127429021198,A,OCRBR5109M1,OCRBR5109M1-251118,SUBTERRÁNEO,2018-11-22,2018
99.6,2.0,10.0,7.9,14.0,2400.0,10.0,0.811876,0.005429,0.05094,362.544,85.23132547875365,A,OCRBR5109M1,OCRBR5109M1-060920,SUBTERRÁNEO,2020-09-02,2020
101.3,2.0,10.0,7.5,10.0,430.0,430.0,0.219,0.091,0.011,234.0,86.16214410722891,A,OCRBR5148M2,OCRBR5148M2-270714,LÓTICO,2014-07-23,2014
97.9,2.0,10.0,8.1,10.0,2400.0,90.0,0.79,0.073,0.004,204.0,88.26114202373016,A,OCRBR5148M2,OCRBR5148M2-210914,LÓTICO,2014-10-31,2014
108.3,2.0,10.0,7.6,10.0,230.0,90.0,0.8447,0.0509,0.0087,200.0,90.76013664454511,E,OCRBR5148M2,OCRBR5148M2-220215,LÓTICO,2015-02-20,2015
101.1,2.0,10.0,7.8,10.0,230.0,30.0,1.4793,0.0551,0.0152,218.0,91.67867045156174,E,OCRBR5148M2,OCRBR5148M2-280615,LÓTICO,2015-06-17,2015
100.7,2.0,10.0,7.6,10.0,230.0,230.0,1.0078,0.0478,0.0031,203.0,87.86600392675606,A,OCRBR5148M2,OCRBR5148M2-130915,LÓTICO,2015-09-07,2015
101.2,2.0,11.1,7.4,27.0,230.0,230.0,0.562984,0.122731,0.028236,351.0,83.35432123211108,A,OCRBR5148M2,OCRBR5148M2-130316,LÓTICO,2016-03-08,2016
102.2,2.0,10.0,7.8,58.0,24000.0,4600.0,1.469881,0.129459,0.003209,212.94,72.19713255453884,A,OCRBR5148M2,OCRBR5148M2-050616,LÓTICO,2016-06-08,2016
106.3,2.0,10.0,7.6,10.0,11000.0,230.0,0.493374,0.126848,0.001528,198.77,82.72407890946826,A,OCRBR5148M2,OCRBR5148M2-180916,LÓTICO,2016-09-18,2016
103.1,2.0,10.0,7.3,10.0,4600.0,150.0,0.77383,0.05777,0.0015,212.25,86.6168706637188,A,OCRBR5148M2,OCRBR5148M2-120317,LÓTICO,2017-03-08,2017
101.1,2.0,10.0,7.5,10.0,930.0,90.0,0.60098,0.09229,0.00164,217.51,89.95967784238444,A,OCRBR5148M2,OCRBR5148M2-040617,LÓTICO,2017-06-02,2017
102.0,2.0,10.0,7.6,10.0,230.0,30.0,0.26239,0.08952,0.03215,184.3,92.32547752638683,E,OCRBR5148M2,OCRBR5148M2-270817,LÓTICO,2017-08-23,2017
109.3,2.0,10.0,7.3,47.0,11000.0,2400.0,0.3776,0.17734,0.00682,199.58,78.22615531926247,A,OCRBR5148M2,OCRBR5148M2-081017,LÓTICO,2017-10-05,2017
98.2,2.0,10.0,7.3,10.0,150.0,90.0,0.527843,0.074503,0.01667,210.305,91.73364500542625,E,OCRBR5148M2,OCRBR5148M2-040318,LÓTICO,2018-02-28,2018
100.2,2.0,10.0,7.7,10.0,230.0,230.0,0.384185,0.031647,0.05019,216.348,85.77495468173593,A,OCRBR5148M2,OCRBR5148M2-150418,LÓTICO,2018-04-11,2018
105.1,2.0,10.0,7.1,10.0,150.0,30.0,0.739102,0.033959,0.02595,200.593,92.74172558758407,E,OCRBR5148M2,OCRBR5148M2-270518,LÓTICO,2018-05-25,2018
101.5,2.0,10.0,7.1,10.0,230.0,90.0,0.536261,0.032145,0.02363,207.168,90.26309753282496,E,OCRBR5148M2,OCRBR5148M2-091218,LÓTICO,2018-12-03,2018
105.2,2.0,10.0,8.2,10.0,230.0,230.0,0.460189,0.060987,0.01595,210.525,85.99405386206642,A,OCRBR5148M2,OCRBR5148M2-200119,LÓTICO,2019-01-17,2019
104.2,2.0,10.0,8.2,22.09,230.0,1956.0,0.48745,0.042341,0.00926,195.471,83.64119922095249,A,OCRBR5148M2,OCRBR5148M2-200920,LÓTICO,2020-09-17,2020
99.6,2.0,10.0,7.3,14.0,2400.0,3.0,3.758611,0.037546,0.05094,423.78,83.51706688344241,A,OCRBR5365,OCRBR5365-260616,SUBTERRÁNEO,2016-09-08,2016
99.6,2.0,10.0,7.4,14.0,2400.0,3.0,2.31733,0.0477,0.05094,354.172,86.05783710756786,A,OCRBR5365,OCRBR5365-140517,SUBTERRÁNEO,2017-05-08,2017
99.6,2.0,10.0,7.9,14.0,2400.0,3.0,1.531097,0.082742,0.05094,356.6364,85.39270197311089,A,OCRBR5365,OCRBR5365-110218,SUBTERRÁNEO,2018-02-09,2018
99.6,2.0,10.0,8.4,14.0,2400.0,3.0,1.320777,0.276133,0.05094,356.538,84.02940699333782,A,OCRBR5365,OCRBR5365-231218,SUBTERRÁNEO,2018-12-17,2018
99.6,2.0,10.0,7.4,14.0,2400.0,3.0,3.6147,0.0394,0.05094,416.444,83.95368501122744,A,OCRBR5366,OCRBR5366-140517,SUBTERRÁNEO,2017-05-08,2017
99.6,2.0,10.0,7.9,14.0,2400.0,3.0,1.708974,0.067722,0.05094,329.7928,85.98988804415133,A,OCRBR5366,OCRBR5366-110218,SUBTERRÁNEO,2018-02-09,2018
99.6,2.0,10.0,7.9,14.0,2400.0,3.0,1.018874,0.024169,0.05094,307.563,86.68493179447408,A,OCRBR5366,OCRBR5366-231218,SUBTERRÁNEO,2018-12-17,2018
